NO,DS1,DS2,DS3,DS4,DS5,DS6,DS7,DS8,DS9,DS10,DS11,DS12,FOMO1,FOMO2,FOMO3,FOMO4,FOMO5,FOMO6,FOMO7,FOMO8,FOMO9,FOMO10,DB1,DB2,DB3,DB4,DB5,DB6,DB7,DB8,DB9,DB10,DB11,DB12,DB13,DB14,DB15,DB16,DB17,DB18,DB19,DB20,DB21,DB22,DB23,DB24,Kelompok
1,2,2,1,2,1,3,1,2,4,1,5,2,3,4,3,1,1,3,1,1,3,3,5,3,4,4,4,4,2,3,2,3,3,4,3,2,2,3,1,2,3,3,2,2,4,2,Tidak
2,2,4,2,2,1,4,2,2,4,4,5,2,2,4,2,2,4,2,2,2,4,2,4,2,2,4,5,4,4,2,2,4,2,5,4,5,4,4,5,4,4,2,4,4,4,4,Tidak
3,4,4,3,5,1,4,4,2,1,1,4,4,3,5,4,1,4,1,1,1,2,1,5,3,2,1,4,4,3,4,3,1,1,5,5,5,5,3,1,1,1,5,5,4,1,1,Tidak
4,4,4,1,4,1,3,1,3,1,2,4,4,2,2,2,1,2,2,2,2,2,1,4,2,2,2,4,2,2,2,2,2,2,4,3,4,4,4,4,4,2,2,2,2,2,2,Tidak
5,3,4,5,3,3,4,3,2,5,4,5,4,5,5,3,2,2,3,2,2,3,2,5,3,4,5,5,5,5,5,5,5,5,5,5,5,5,5,5,5,5,5,5,5,5,5,Tidak
6,3,4,4,2,2,4,3,3,3,4,4,3,4,4,2,2,2,2,4,2,2,2,4,2,4,4,4,4,2,2,2,4,2,2,4,4,5,5,2,4,2,2,2,2,2,2,Tidak
7,2,2,1,4,2,2,1,2,2,2,5,2,4,2,4,4,4,5,4,2,4,3,4,2,4,3,4,4,4,4,4,2,4,4,4,4,4,4,4,2,2,2,4,4,4,4,Tidak
8,3,5,2,3,1,4,1,1,1,1,1,1,1,1,3,1,1,1,1,1,1,1,4,4,3,4,4,4,4,2,4,4,1,4,4,3,3,3,3,3,3,3,3,3,3,3,Tidak
9,2,3,1,3,2,4,1,3,2,1,3,2,2,2,5,3,3,5,3,4,3,2,4,3,3,3,4,4,4,2,3,4,3,4,4,5,4,5,5,4,4,3,4,4,4,5,Tidak
10,1,2,2,3,1,2,1,2,2,2,2,1,3,1,5,1,1,1,4,1,1,1,5,2,4,3,2,5,4,1,2,5,1,4,5,5,4,5,5,5,5,1,1,1,4,1,Tidak
11,3,2,4,4,2,4,2,2,3,1,4,2,2,4,2,2,1,2,2,2,2,1,4,2,2,2,2,4,2,2,2,2,2,4,2,4,2,2,2,2,1,2,2,2,2,2,Tidak
12,4,4,4,3,4,3,3,3,3,4,4,4,4,5,4,4,2,4,3,3,3,2,4,3,4,3,4,4,4,5,3,4,3,3,5,4,4,4,4,4,3,3,3,4,3,2,Tidak
13,1,2,1,2,1,1,1,2,2,2,4,1,2,2,1,1,2,2,2,2,1,1,2,2,2,2,1,4,2,1,1,1,2,2,2,2,1,1,2,1,2,2,2,2,1,2,Tidak
14,1,1,1,4,1,2,1,2,1,1,3,1,1,4,4,2,2,2,2,2,2,2,3,2,2,2,4,3,3,2,1,2,2,2,3,4,3,2,3,2,2,2,4,2,2,2,Tidak
15,2,4,2,2,2,2,2,3,2,2,3,3,2,4,4,2,2,4,4,2,4,2,4,2,4,4,4,4,4,2,4,2,2,2,4,3,2,4,4,3,4,3,3,3,4,4,Tidak
16,3,4,3,4,3,2,2,2,1,5,2,2,1,1,3,3,3,2,3,3,3,3,3,3,2,3,3,3,4,4,5,4,3,5,4,5,5,4,5,5,5,1,4,4,4,4,Tidak
17,2,3,4,5,2,3,2,2,2,3,4,2,1,2,3,2,2,1,2,1,1,1,2,2,4,4,2,2,2,1,2,2,2,2,2,4,2,2,4,2,4,2,2,2,2,2,Tidak
18,3,3,2,3,3,4,2,3,3,3,3,3,2,3,2,4,3,3,2,2,2,2,4,4,2,2,4,4,4,4,2,1,3,2,4,5,5,5,5,4,4,4,1,1,1,1,Tidak
19,2,4,4,4,2,2,2,2,2,4,4,2,4,4,4,2,2,4,2,2,2,2,4,2,4,4,4,3,4,2,4,2,2,4,2,4,4,4,2,4,4,4,4,2,4,2,Tidak
20,5,4,3,5,3,4,3,4,3,3,3,4,4,4,3,3,3,3,3,3,3,3,4,4,3,3,4,3,3,3,3,3,3,3,4,4,4,5,5,4,4,4,3,4,3,2,Tidak
21,2,2,2,3,2,2,2,2,3,2,4,2,2,4,4,3,2,3,2,2,2,2,4,3,3,3,4,4,3,2,3,2,3,3,4,3,3,4,4,3,3,3,4,3,2,3,Tidak
22,3,3,3,3,2,2,3,2,4,3,3,2,3,3,4,4,4,3,3,3,2,2,4,4,4,4,4,4,4,4,4,4,4,4,3,3,3,4,2,3,4,3,4,4,4,4,Tidak
23,2,3,2,3,2,4,2,4,2,4,4,1,2,2,4,2,2,4,4,2,3,2,4,3,3,4,3,4,4,2,3,2,2,4,3,4,3,4,4,2,4,2,4,4,4,2,Tidak
24,3,4,3,1,1,1,1,2,2,2,4,2,1,4,4,2,1,1,1,1,1,1,4,3,5,5,5,5,4,2,3,3,1,4,2,2,2,2,2,2,4,3,4,3,2,2,Tidak
25,2,1,2,1,1,2,1,1,2,2,2,1,1,1,3,1,1,1,1,1,1,1,2,3,3,2,3,2,2,2,1,1,1,2,2,2,2,1,3,1,2,2,3,2,1,1,Tidak
26,4,4,3,4,3,4,3,3,3,3,4,3,2,2,2,2,2,3,4,2,4,3,4,3,3,4,5,5,5,3,4,3,3,4,5,4,4,5,4,5,4,4,5,5,4,5,Tidak
27,4,2,1,4,1,3,1,2,4,1,4,2,1,1,4,3,3,2,3,2,2,2,2,2,3,3,2,2,2,2,2,2,2,3,3,3,3,3,3,3,2,3,3,2,3,3,Tidak
28,1,1,1,3,1,3,1,1,5,1,5,1,1,4,1,1,1,1,1,1,1,1,5,5,5,1,1,5,5,5,1,1,1,1,3,5,1,3,1,1,1,1,1,1,1,1,Tidak
29,3,5,5,2,1,3,3,3,4,3,3,2,2,3,3,4,3,3,3,3,4,3,4,3,5,5,4,4,4,3,4,3,3,3,5,5,5,5,5,5,5,4,4,2,2,4,Tidak
30,2,4,4,5,2,4,1,4,5,5,5,4,2,4,4,2,2,4,4,4,4,2,5,2,2,2,5,5,5,2,5,2,2,5,5,4,3,4,2,2,4,2,2,2,5,1,Ya
31,2,2,3,4,3,2,3,2,4,2,4,2,2,1,3,2,1,1,1,1,2,1,4,4,1,1,1,4,4,2,2,1,1,3,4,3,3,3,4,3,4,3,3,2,4,2,Tidak
32,2,3,2,2,2,4,2,2,4,2,5,2,2,2,4,3,2,4,2,2,2,2,5,5,5,4,2,2,4,4,3,4,2,4,4,2,4,5,3,4,5,4,4,3,4,2,Ya
33,2,4,3,5,1,4,1,3,4,3,3,3,2,5,4,2,1,3,3,3,3,2,5,5,5,5,5,5,5,5,5,5,5,3,5,5,5,5,5,5,4,3,5,3,4,4,Tidak
34,1,1,1,1,1,1,1,1,1,1,3,1,1,1,2,1,1,1,1,1,1,1,3,1,1,3,4,5,4,1,2,1,1,3,1,1,3,3,4,1,3,1,1,1,1,5,Tidak
35,4,2,2,4,2,2,2,4,2,2,4,2,4,4,4,4,2,4,4,2,4,2,4,4,4,2,4,4,4,3,4,4,4,4,4,4,4,4,4,4,4,4,3,2,3,2,Tidak
36,5,4,3,4,5,5,5,5,5,5,5,5,5,5,5,5,5,5,5,5,5,5,5,5,5,5,5,5,5,5,5,5,5,5,5,5,5,5,5,5,5,5,5,5,5,5,Tidak
37,3,1,3,3,2,2,2,2,2,2,4,2,1,1,2,1,1,3,3,2,1,1,4,4,3,2,3,3,3,2,3,2,2,3,3,2,3,3,4,3,3,3,4,4,3,4,Tidak
38,2,1,1,1,1,1,1,1,1,1,1,1,2,2,2,2,2,2,2,2,2,2,4,1,1,4,4,4,4,2,2,2,2,4,2,2,3,2,2,2,4,2,2,2,2,2,Tidak
39,1,1,1,1,1,1,1,1,1,1,1,1,3,5,4,4,4,2,4,4,3,4,5,5,5,5,2,5,5,5,5,5,5,5,5,4,3,3,1,2,4,4,4,4,4,4,Tidak
40,1,4,1,3,2,3,1,1,1,1,4,3,2,2,4,3,2,3,2,1,3,2,4,4,3,3,4,4,3,3,3,4,3,4,4,3,3,4,3,3,4,2,4,3,3,3,Tidak
41,1,1,1,1,1,1,1,1,1,1,1,1,4,4,1,1,1,1,1,1,4,1,1,4,1,1,1,1,1,1,1,1,1,1,4,4,1,1,1,1,1,1,4,1,1,1,Tidak
42,1,1,1,1,1,1,1,1,1,1,2,1,1,2,3,1,1,1,1,1,1,1,3,2,2,3,4,3,3,2,3,3,2,4,4,3,3,4,3,3,3,2,2,2,2,3,Tidak
43,3,4,3,4,3,4,3,2,3,3,2,4,2,4,4,2,3,4,3,2,3,3,4,3,3,3,4,4,3,4,4,3,3,4,4,4,4,5,3,4,3,2,4,2,3,3,Tidak
44,1,1,2,2,2,3,1,1,2,1,1,1,2,2,4,1,1,1,1,1,1,1,1,1,1,1,4,1,1,1,1,2,1,1,2,3,1,2,2,1,1,1,1,1,1,3,Tidak
45,4,3,3,4,3,4,2,2,4,3,4,2,2,2,2,2,1,3,2,2,2,1,3,4,2,2,3,3,2,2,2,2,4,3,4,4,2,4,3,3,2,2,3,3,3,3,Tidak
46,1,1,1,1,1,1,1,1,1,1,1,1,1,3,4,2,1,2,1,2,2,2,2,1,1,1,2,1,1,1,1,1,1,1,1,3,2,2,2,1,1,1,1,1,1,1,Tidak
47,3,2,2,3,3,4,3,2,2,2,3,3,2,2,4,2,2,3,2,2,2,1,2,3,3,2,4,3,3,2,2,2,2,3,4,3,3,4,3,3,3,3,3,2,3,2,Tidak
48,1,1,1,1,1,1,1,1,1,1,1,1,1,1,3,1,1,1,1,1,1,1,2,1,1,1,3,3,1,1,1,1,1,1,1,1,1,2,1,1,1,1,1,1,1,1,Tidak
49,2,2,2,3,3,3,2,2,3,3,3,3,3,4,3,3,2,3,3,2,3,2,4,3,4,3,3,4,3,3,3,3,2,3,3,3,3,3,3,3,3,3,4,3,3,3,Tidak
50,3,3,2,2,2,2,2,2,2,2,2,2,2,2,2,2,2,2,2,2,2,2,3,2,2,2,2,2,2,2,2,2,2,2,2,2,2,2,2,2,2,2,2,2,2,2,Tidak
51,3,4,2,3,3,3,3,3,3,3,3,3,3,3,3,3,3,3,3,3,3,3,3,3,3,3,3,3,3,3,3,3,3,3,3,3,3,3,3,3,3,3,3,3,3,3,Tidak
52,2,1,2,4,2,4,2,2,3,2,3,2,2,2,4,2,1,3,4,1,4,1,4,5,1,1,3,2,4,2,5,2,2,3,5,5,5,5,5,5,4,3,4,2,2,5,Tidak
53,4,3,3,4,1,2,2,3,3,3,4,4,3,4,3,3,3,4,3,3,4,2,2,2,3,3,2,4,5,3,5,4,3,4,1,3,3,5,4,3,3,5,3,2,3,4,Tidak
54,2,2,2,4,2,2,2,2,2,2,2,2,2,3,2,2,2,4,3,3,4,3,3,4,4,4,3,3,3,2,2,3,2,4,3,4,3,4,3,3,2,3,4,2,3,4,Tidak
55,3,2,2,2,3,2,2,2,2,2,4,3,2,2,3,2,2,2,2,2,2,2,2,2,2,2,3,2,3,2,2,2,2,3,4,4,4,2,2,2,2,2,2,2,2,3,Tidak
56,1,1,1,3,2,2,1,1,2,2,4,2,2,4,3,3,3,3,2,2,2,2,4,3,3,2,3,3,4,3,2,2,3,3,3,3,3,3,3,4,3,2,3,3,3,3,Tidak
57,2,2,2,3,1,1,1,1,1,1,5,1,1,1,2,1,1,1,1,1,1,1,4,2,2,2,3,2,4,2,2,1,1,3,2,3,3,2,2,3,2,2,2,4,1,1,Tidak
58,1,1,1,1,1,2,1,2,1,1,3,2,4,4,3,2,1,2,1,1,1,1,4,4,4,3,4,3,4,2,2,3,1,2,2,2,3,4,3,4,3,2,2,2,2,2,Tidak
59,2,2,3,3,1,3,2,1,2,2,3,1,1,3,2,1,3,2,3,1,3,2,5,5,5,5,5,5,5,3,5,5,5,5,3,5,5,5,4,1,4,1,3,3,4,5,Tidak
60,4,3,3,4,3,3,2,3,2,2,3,3,1,2,3,2,2,2,3,2,3,1,3,2,3,3,4,3,4,3,4,3,3,4,4,4,3,4,4,4,4,3,3,3,4,4,Tidak
61,4,3,3,3,3,2,1,1,1,3,3,2,3,4,3,3,3,4,2,2,3,2,2,3,2,2,3,3,3,2,3,2,2,3,3,4,4,4,4,4,3,2,4,4,3,4,Tidak
62,3,3,2,3,2,4,2,3,3,1,3,2,2,2,3,3,2,2,2,2,2,2,3,2,3,3,3,4,3,3,2,2,2,2,4,3,3,4,4,2,3,2,3,3,2,2,Tidak
63,2,3,1,5,1,5,1,1,1,1,4,1,2,4,5,3,3,1,1,1,1,1,2,5,1,1,4,3,1,1,4,1,1,1,1,3,1,3,3,3,1,1,3,1,1,1,Tidak
64,4,4,2,3,2,2,2,2,2,3,4,3,2,3,3,2,2,2,2,2,2,2,3,3,3,4,4,3,2,2,2,2,2,3,3,3,2,4,4,2,2,2,3,2,2,2,Tidak
65,1,2,3,3,3,4,1,2,3,4,5,3,3,4,4,2,3,2,3,2,2,2,5,4,3,4,5,4,4,2,2,2,2,3,4,4,4,5,4,3,3,2,5,2,3,4,Tidak
66,4,3,4,4,4,3,4,2,2,2,3,3,3,4,3,3,2,3,3,3,2,2,5,4,4,4,5,2,3,4,2,2,2,2,5,4,4,5,5,4,4,5,4,3,3,5,Tidak
67,3,2,2,3,2,4,2,3,4,2,4,4,1,1,2,1,1,4,1,1,3,2,4,4,3,3,5,5,4,3,3,2,3,3,4,4,4,4,3,3,3,3,2,1,1,2,Tidak
68,4,4,3,3,3,4,2,2,2,2,4,3,2,3,2,3,3,3,3,3,3,2,3,3,3,3,4,4,4,3,3,3,2,3,3,3,3,3,2,3,3,3,2,2,2,3,Tidak
69,1,1,1,1,1,1,1,1,2,1,3,1,1,3,1,2,2,1,1,1,1,1,1,1,1,1,1,1,1,1,1,1,1,1,4,5,3,4,5,2,1,1,1,1,1,1,Tidak
70,2,2,4,3,1,3,1,3,4,3,5,4,2,2,4,3,2,3,1,1,2,2,2,1,1,2,4,4,3,3,3,4,4,5,4,4,3,4,5,3,3,2,4,4,3,4,Tidak
71,2,1,4,2,1,1,1,1,1,1,5,4,1,4,1,1,1,3,2,1,5,1,5,4,3,3,4,3,1,3,4,3,3,4,5,4,5,5,3,3,3,4,3,1,5,4,Tidak
72,2,2,1,3,1,2,1,2,2,3,4,1,5,5,2,1,2,2,1,1,2,1,4,4,4,4,4,2,2,1,1,1,1,1,2,4,2,4,4,4,2,2,3,4,2,2,Tidak
73,3,4,3,3,2,4,1,3,4,4,2,4,2,2,4,3,3,4,4,3,4,3,3,3,3,3,4,4,2,2,3,3,3,4,4,4,4,4,4,4,3,3,4,3,4,4,Tidak
74,1,1,1,1,1,3,1,2,2,4,4,4,1,1,2,1,1,3,3,1,3,1,5,5,3,3,4,4,4,4,4,4,3,2,4,5,5,5,5,5,5,5,5,4,4,5,Tidak
75,4,5,5,5,5,3,3,4,4,5,5,5,2,4,4,3,4,5,5,4,3,4,5,5,5,5,5,5,5,5,5,5,5,5,5,5,5,5,4,5,5,5,4,3,4,5,Tidak
76,2,2,2,3,2,2,2,2,2,2,4,2,3,3,4,2,2,2,2,1,1,1,3,3,3,3,4,4,3,4,2,2,2,3,3,3,3,4,4,3,3,3,4,3,2,2,Tidak
77,1,1,1,1,1,1,1,1,1,1,1,1,1,1,1,1,1,1,1,1,1,1,1,1,1,1,3,1,1,1,1,1,1,1,1,1,1,1,1,1,1,1,1,1,1,1,Tidak
78,4,3,4,4,2,5,2,4,3,3,4,4,2,2,4,3,2,4,2,2,4,1,4,4,2,2,4,3,3,2,3,4,3,4,4,4,3,4,4,2,3,4,4,4,2,4,Tidak
79,1,2,1,1,1,2,1,1,4,1,4,1,2,4,4,1,2,1,1,1,1,1,4,5,4,5,5,5,5,4,5,4,2,5,5,5,4,4,3,5,4,5,3,2,5,5,Tidak
80,5,5,5,5,5,4,4,5,4,4,5,4,3,3,3,3,3,3,2,2,2,2,5,4,3,3,5,4,4,4,3,4,4,4,3,3,3,3,3,3,3,3,3,3,3,3,Tidak
81,2,3,2,3,3,2,2,1,2,3,3,2,5,5,3,2,2,3,3,2,3,2,4,3,3,3,5,5,5,3,4,3,3,3,3,3,3,3,2,3,3,2,2,2,2,1,Tidak
82,2,2,1,1,1,1,1,1,1,2,3,2,1,1,2,1,2,1,1,1,1,1,4,3,3,2,4,3,2,2,2,1,1,4,2,2,2,2,2,3,3,2,3,2,3,2,Tidak
83,2,3,1,1,1,3,1,1,4,3,5,1,1,1,3,4,1,1,4,1,5,1,5,5,4,4,5,2,5,3,3,4,1,5,3,3,4,3,4,2,3,3,4,2,3,4,Tidak
84,3,3,2,3,2,4,2,3,3,2,4,3,2,4,3,2,2,3,2,2,3,2,4,4,3,4,4,4,4,4,4,3,3,4,3,3,3,3,4,3,4,4,4,2,3,3,Tidak
85,2,2,2,2,2,2,2,1,4,4,4,3,2,1,1,2,2,4,1,1,4,1,4,5,5,5,4,2,4,4,4,5,2,4,2,2,4,4,5,2,5,2,4,2,4,2,Tidak
86,4,5,3,2,2,2,2,3,2,3,3,3,2,3,5,5,5,3,4,5,4,4,4,3,3,3,4,4,4,4,4,3,3,4,5,5,5,5,5,5,4,4,3,3,4,4,Tidak
87,2,1,1,2,1,2,2,2,4,2,4,2,4,4,4,4,4,4,4,4,4,4,4,2,2,2,2,4,4,2,2,2,2,2,4,2,4,4,4,4,2,2,4,4,2,2,Tidak
88,2,2,2,2,2,2,3,2,2,2,4,2,2,2,3,2,2,2,2,2,2,2,4,4,2,3,4,4,3,2,2,2,2,2,4,4,2,4,2,4,4,2,4,2,2,2,Tidak
89,3,3,2,3,2,2,2,2,3,3,4,3,2,3,3,4,3,3,2,3,2,3,3,3,3,2,4,5,4,3,4,3,2,5,5,3,3,4,3,2,3,3,3,2,3,5,Tidak
90,2,3,2,2,2,2,2,2,3,3,3,3,3,3,2,2,1,1,1,1,1,1,3,5,2,2,3,4,4,2,3,3,2,4,2,2,2,3,3,2,3,4,4,3,3,2,Tidak
91,1,1,1,1,1,1,1,1,1,1,4,2,1,1,1,1,1,1,1,1,1,1,2,2,2,2,2,4,2,1,1,1,1,1,2,4,1,2,2,4,2,2,1,1,1,1,Tidak
92,2,2,2,3,2,1,1,2,3,2,4,3,3,3,4,4,2,3,3,3,3,3,4,4,4,3,5,4,3,3,3,3,3,3,4,4,4,4,4,4,3,4,3,3,3,3,Tidak
93,4,4,3,3,3,3,3,3,3,3,4,3,2,2,2,2,2,2,2,2,2,2,4,4,4,4,4,4,4,3,3,3,2,2,3,4,4,4,4,4,4,4,4,3,4,4,Tidak
94,2,2,1,1,1,2,1,1,1,2,4,2,5,5,4,2,2,5,4,4,4,2,5,4,5,5,5,5,4,4,4,5,2,5,4,2,4,4,1,2,4,4,5,1,2,1,Tidak
95,1,1,1,1,1,1,1,1,1,1,1,1,1,1,1,1,1,1,1,1,1,1,1,1,1,1,1,1,1,1,1,1,1,1,1,1,1,1,1,1,1,1,1,1,1,1,Tidak
96,3,3,2,3,2,4,2,2,2,4,4,2,2,2,4,2,3,2,4,2,2,4,4,4,2,2,4,4,2,2,2,3,3,4,4,4,3,4,4,2,2,3,3,3,3,3,Tidak
97,3,2,1,1,1,3,1,1,3,3,4,4,1,4,1,1,1,1,1,1,1,1,5,3,4,4,5,5,4,3,5,3,2,4,1,3,1,3,2,3,3,2,2,1,4,4,Ya
98,4,4,4,3,3,4,2,2,4,3,4,3,2,3,3,2,2,3,2,2,2,3,4,3,3,3,4,4,4,2,3,3,3,4,4,2,3,4,4,2,4,3,4,3,3,2,Ya
99,3,4,2,1,3,1,2,1,2,4,3,3,1,1,3,5,5,3,1,1,2,2,3,3,2,4,5,5,5,3,3,4,1,5,4,5,3,5,4,4,5,3,5,5,5,5,Tidak
100,2,4,3,3,2,4,2,2,2,2,2,2,4,4,2,2,2,2,2,2,4,2,2,2,2,3,3,2,2,3,3,2,4,4,4,4,4,4,2,3,2,4,3,3,2,2,Tidak
101,2,1,1,2,1,2,1,2,2,1,4,2,1,2,2,2,1,1,2,1,2,1,4,2,1,2,4,3,1,3,1,2,1,1,2,2,2,2,3,2,2,1,1,1,1,2,Tidak
102,2,3,1,1,2,3,1,1,1,1,4,1,2,2,2,2,3,3,3,3,2,2,4,3,3,3,3,3,3,3,3,3,4,4,4,3,4,4,4,2,2,2,3,4,3,3,Tidak
103,1,1,1,2,2,3,1,1,2,2,5,1,1,1,1,1,1,1,1,1,1,1,3,3,3,1,4,1,2,1,1,1,1,1,1,1,3,1,3,3,1,5,1,1,3,3,Tidak
104,2,3,2,3,2,3,2,2,3,2,2,2,2,2,2,2,2,2,2,2,2,2,2,2,2,2,3,2,2,2,2,2,2,2,3,3,2,3,3,2,2,2,3,2,2,2,Tidak
105,3,3,3,3,3,3,3,3,3,3,3,3,3,3,3,3,3,3,3,3,3,3,3,3,3,3,3,3,3,3,3,3,3,3,3,3,3,3,3,3,3,3,3,3,3,3,Ya
106,1,1,1,1,1,3,1,1,5,1,1,1,1,1,5,3,3,1,1,1,1,1,4,4,4,3,4,3,4,1,1,1,1,1,3,3,1,3,3,2,3,1,3,4,3,3,Tidak
107,1,2,1,3,2,2,1,2,4,1,4,2,2,2,3,2,2,2,2,2,2,1,3,2,2,2,4,3,3,2,2,2,2,3,3,2,4,3,2,2,3,2,3,3,2,2,Tidak
108,2,3,2,2,1,4,1,3,4,1,4,2,2,2,2,2,2,4,2,2,3,2,5,5,3,3,5,5,5,5,3,3,2,5,4,5,4,4,4,5,3,3,3,2,4,4,Tidak
109,2,2,2,3,1,1,1,1,1,1,3,1,1,3,4,1,4,1,1,2,2,1,5,5,5,5,3,2,3,2,2,4,3,1,5,3,3,5,3,3,2,2,2,2,2,2,Tidak
110,2,2,4,2,1,3,1,1,2,3,4,1,4,4,2,1,1,3,2,1,2,1,3,4,2,2,2,2,1,1,1,4,3,1,3,1,1,4,1,1,3,4,5,3,2,1,Tidak
111,2,3,2,3,2,4,2,2,3,3,4,2,2,3,2,2,3,3,4,2,3,2,3,3,4,3,3,3,4,2,3,2,2,3,4,3,3,4,3,3,3,2,3,4,3,4,Tidak
112,2,2,2,2,2,2,2,2,4,3,4,2,2,2,2,2,2,2,2,2,2,2,4,3,3,4,4,4,4,4,4,3,3,4,4,4,4,4,4,3,4,4,4,4,2,4,Ya
113,2,2,1,1,1,3,1,1,1,1,4,2,1,5,2,1,3,1,1,1,1,1,5,5,4,4,5,3,5,2,1,2,2,2,2,1,1,3,1,2,2,5,3,4,1,1,Tidak
114,3,3,3,3,3,3,3,3,3,3,3,3,3,3,3,3,3,3,3,3,3,3,3,3,3,3,3,3,3,3,3,3,3,3,3,3,3,3,3,3,3,3,3,3,3,3,Tidak
115,3,3,2,4,1,3,1,3,4,2,5,2,2,3,4,2,2,2,2,2,2,2,3,4,4,4,4,2,4,2,2,4,4,4,2,2,2,2,2,2,2,2,2,2,4,2,Tidak
116,1,1,1,5,1,3,1,1,5,1,5,1,1,1,5,1,1,1,1,1,1,1,5,2,5,3,5,3,5,1,2,2,1,2,4,3,1,1,1,5,1,1,1,1,1,1,Ya
117,5,4,4,3,3,4,4,3,1,3,3,4,4,4,2,1,1,1,2,1,1,1,3,5,3,3,2,3,4,4,3,2,1,1,5,5,4,5,5,5,3,5,4,3,2,3,Ya
118,1,1,1,2,1,3,1,2,5,2,3,3,3,4,4,3,1,3,2,3,3,1,4,4,3,3,2,5,5,3,2,2,2,2,4,3,3,4,4,4,4,5,4,2,3,2,Tidak
119,2,3,2,3,2,3,2,2,2,3,2,2,2,3,2,3,2,2,2,2,2,2,3,2,2,2,3,2,2,2,3,2,2,2,3,4,2,4,3,3,2,2,4,2,2,2,Tidak
120,2,2,2,1,1,3,1,3,1,1,3,2,2,2,2,2,2,3,2,2,2,2,4,4,4,4,5,3,3,2,2,2,2,2,5,5,4,5,5,5,2,2,2,2,2,2,Tidak
121,1,3,1,3,1,4,1,3,4,3,4,3,4,4,3,2,2,4,4,2,4,2,4,4,4,2,5,4,3,2,4,3,2,5,4,4,4,4,4,4,4,2,4,4,4,2,Tidak
122,1,1,1,1,1,1,1,3,1,1,5,1,1,1,1,1,1,1,1,1,1,1,5,3,1,1,1,1,1,1,1,1,1,1,1,1,1,1,1,1,1,4,1,1,1,1,Tidak
123,2,2,2,2,2,2,2,2,4,2,5,2,2,2,2,2,4,2,4,4,2,2,4,4,4,2,4,2,2,2,2,2,2,2,2,2,2,2,4,2,2,2,3,4,2,2,Tidak
124,1,2,2,3,1,1,2,1,2,3,4,3,2,3,3,3,2,3,2,2,2,2,4,3,3,4,3,2,3,3,2,3,3,2,3,3,3,4,4,3,3,3,3,4,3,3,Tidak
125,1,3,1,1,1,3,2,1,5,2,5,2,2,2,4,2,1,1,1,2,1,1,4,3,4,4,2,3,2,2,2,2,2,3,3,4,2,4,3,3,3,2,2,2,2,3,Ya
126,5,3,4,4,4,5,1,2,4,2,4,2,4,2,2,2,3,4,4,3,4,4,2,2,4,1,1,1,3,1,2,1,1,1,2,3,3,2,2,2,4,3,4,1,3,4,Ya
127,4,4,3,3,2,3,2,4,3,4,4,2,4,4,2,2,2,3,3,3,3,3,4,4,4,4,5,5,5,3,5,5,5,4,4,4,3,4,3,4,4,3,3,4,2,2,Ya
128,4,4,2,2,2,2,2,1,4,2,4,2,2,3,4,3,2,2,2,2,2,2,4,2,2,4,4,2,2,2,3,2,1,3,2,2,2,2,2,2,3,2,2,4,2,2,Ya
129,2,2,1,2,2,1,1,1,3,2,3,2,2,3,3,3,3,3,3,3,3,3,3,3,3,3,2,3,3,2,3,2,3,3,2,3,3,3,3,3,2,2,2,2,2,2,Tidak
130,1,1,1,1,1,1,1,1,1,3,5,1,1,1,4,1,1,1,1,1,1,1,1,1,3,1,3,1,1,1,1,1,1,1,1,1,1,3,1,1,1,1,3,3,1,1,Tidak
131,2,2,1,1,1,4,1,1,1,4,4,2,2,2,4,4,4,4,4,4,4,4,4,2,4,5,5,5,5,5,5,5,5,5,5,2,4,4,4,2,4,2,4,4,4,4,Tidak
132,1,2,2,2,2,2,2,2,2,2,4,2,2,3,2,2,2,2,2,2,2,2,5,2,4,4,5,4,2,2,2,2,2,4,4,4,2,2,2,2,4,2,4,2,2,2,Ya
133,2,2,1,2,1,3,1,2,4,2,2,1,2,1,1,1,1,2,1,1,3,2,5,3,4,5,5,5,3,2,2,2,1,4,3,3,3,2,2,2,1,2,2,1,1,3,Tidak
134,5,5,4,5,1,4,1,1,5,2,5,5,1,1,1,1,1,5,1,1,1,1,5,1,1,5,1,5,5,2,1,1,1,1,5,4,2,5,5,5,5,5,5,2,1,2,Ya
135,1,1,1,1,1,1,1,1,1,1,1,1,1,1,1,1,1,1,1,1,1,1,1,1,1,1,1,1,1,1,1,1,1,1,1,1,1,1,1,1,1,1,1,1,1,1,Ya
136,3,1,2,2,1,4,2,1,5,3,4,3,1,1,5,3,1,2,2,1,2,1,3,2,2,2,2,2,2,2,4,2,2,3,4,2,3,3,2,2,2,2,4,3,4,2,Tidak
137,2,3,2,4,1,2,2,2,2,2,2,2,3,3,3,2,2,2,2,2,2,5,4,2,2,2,2,2,2,2,2,5,2,3,2,2,3,2,3,1,2,3,5,3,3,1,Ya
138,1,2,2,1,2,3,3,1,2,2,2,3,2,2,4,2,4,3,1,2,3,2,4,2,3,3,5,2,4,2,4,4,3,4,3,4,3,4,3,3,4,3,3,2,2,2,Tidak
139,2,3,2,2,1,4,2,2,2,2,4,3,1,3,4,2,1,3,2,3,2,1,4,2,4,4,5,3,3,4,5,3,3,5,3,3,3,4,2,4,2,2,5,2,3,2,Tidak
140,1,1,1,1,1,1,1,1,1,1,1,1,1,1,1,1,1,1,1,2,1,1,1,2,1,1,1,1,1,1,1,1,1,1,1,2,1,1,1,1,1,1,1,1,1,2,Ya
141,2,2,4,2,2,3,2,2,3,3,4,3,2,4,3,2,2,2,2,2,2,2,4,4,4,4,4,4,4,4,3,4,2,3,3,3,2,3,3,3,4,3,4,4,2,1,Tidak
142,2,3,2,3,2,3,2,2,2,3,3,3,2,2,2,3,3,2,2,2,3,2,4,4,4,4,4,4,3,3,2,3,3,3,3,4,4,4,4,4,4,4,4,4,3,4,Tidak
143,1,2,2,2,2,4,2,1,3,3,4,2,1,1,4,3,3,3,4,3,3,1,4,2,3,3,3,3,3,3,3,3,3,3,5,4,3,5,4,3,2,2,2,2,2,2,Ya
144,2,2,1,2,1,3,1,2,1,2,4,2,1,1,4,3,2,3,2,2,2,2,4,3,5,3,4,3,3,3,4,3,2,3,5,4,4,5,4,3,4,3,4,2,4,3,Tidak
145,2,2,2,2,2,2,3,1,2,2,2,2,2,3,2,3,1,1,2,2,2,2,4,3,3,4,4,4,4,3,4,4,3,5,2,4,2,4,2,4,4,2,2,1,3,2,Tidak
146,1,1,1,1,1,1,1,1,1,1,1,1,1,1,3,1,1,1,1,1,1,1,5,5,5,5,1,4,4,2,3,2,1,2,5,1,1,4,3,1,5,5,3,1,1,1,Ya
147,5,2,2,2,2,4,2,3,2,4,4,2,2,2,2,2,2,3,2,2,2,2,4,4,3,2,3,2,2,4,2,3,3,4,4,2,2,4,4,2,4,3,4,4,2,2,Tidak
148,5,5,4,4,3,3,2,2,1,1,5,5,4,4,3,3,2,2,1,1,5,5,5,5,4,4,3,3,2,2,1,1,5,5,4,4,3,3,2,2,1,1,5,5,4,4,Tidak
149,2,1,3,3,2,4,2,2,2,2,3,2,2,4,3,4,4,2,1,2,2,2,3,1,3,2,3,2,1,1,2,1,4,4,3,5,4,4,5,4,2,1,4,3,3,4,Tidak
150,3,3,4,4,2,1,4,5,5,3,1,2,1,5,1,5,4,2,3,5,2,1,1,2,3,4,5,3,1,2,2,5,5,3,2,1,3,5,3,4,4,2,3,5,1,1,Ya
151,3,4,3,5,2,5,2,4,2,3,4,1,1,1,3,1,2,2,2,1,4,2,5,5,5,5,5,5,5,3,5,5,5,5,5,5,5,5,5,5,5,5,5,5,5,5,Tidak
152,4,5,5,3,3,5,1,3,5,4,5,4,3,3,4,3,3,4,3,4,4,3,5,5,5,5,5,5,5,5,5,5,3,5,4,4,4,4,4,4,5,5,5,5,5,5,Ya
153,1,2,3,2,1,4,2,1,3,2,3,1,1,2,2,1,1,1,2,1,1,1,3,3,3,4,5,5,4,3,2,2,1,4,3,3,3,4,2,2,4,2,2,2,4,2,Tidak
154,5,5,5,5,5,5,1,3,3,5,5,5,1,1,2,2,3,1,1,1,1,1,5,3,4,3,5,5,5,2,2,2,2,4,4,3,3,4,2,2,4,2,4,3,4,3,Tidak
155,2,2,3,2,2,2,2,2,3,3,3,2,2,3,2,2,2,2,2,2,2,2,2,2,2,2,3,2,2,2,2,2,2,2,2,3,3,3,2,2,2,2,2,2,2,1,Tidak
156,3,4,2,3,2,3,2,1,3,3,4,3,3,4,3,2,2,3,2,1,3,1,5,4,3,3,3,3,4,4,3,3,3,3,3,3,2,4,3,3,4,4,3,3,3,4,Tidak
157,2,4,2,2,2,4,2,3,4,3,5,2,3,4,5,3,3,2,2,2,3,2,5,4,5,4,4,5,4,2,3,3,2,5,3,3,4,4,3,3,5,2,3,3,4,2,Tidak
158,2,3,3,3,3,3,3,3,3,3,3,3,3,3,3,3,3,3,3,3,3,3,4,4,4,4,3,3,3,3,3,3,3,3,3,3,3,3,3,3,3,3,3,3,3,3,Tidak
159,2,4,2,4,2,5,2,4,4,2,4,2,4,4,4,4,4,5,4,4,4,4,2,2,4,2,4,4,4,2,5,2,4,4,4,4,4,5,4,4,4,4,4,4,4,4,Tidak
160,1,4,1,2,1,4,1,1,4,1,4,1,1,1,4,2,5,3,1,1,1,1,4,2,1,1,5,4,4,2,3,1,1,5,4,5,3,5,4,2,2,2,5,4,5,5,Tidak
161,1,3,1,1,1,1,1,1,5,1,5,1,5,5,3,3,5,3,1,1,5,1,5,5,5,5,5,5,5,5,5,5,5,5,5,5,5,5,5,5,5,5,5,5,5,5,Tidak
162,4,5,3,5,3,5,5,5,4,4,5,5,3,4,3,5,2,5,4,5,5,5,3,2,2,2,2,4,3,3,5,4,5,5,5,5,5,5,5,5,5,3,5,5,5,4,Ya
163,2,2,2,2,2,3,2,2,4,2,4,2,2,2,2,2,2,2,2,2,2,2,4,4,4,4,4,4,4,3,2,2,2,4,2,2,2,4,2,4,2,2,2,2,4,4,Tidak
164,3,4,4,3,3,4,3,3,4,4,4,3,3,4,2,2,2,3,3,2,3,2,4,3,4,4,4,4,4,3,4,3,3,4,3,3,4,3,3,4,4,2,3,2,2,2,Tidak
165,2,2,1,3,2,2,1,2,1,2,4,3,2,2,3,2,2,2,2,2,2,1,3,3,2,3,2,3,3,3,1,1,2,1,2,2,2,2,2,1,2,2,2,2,2,1,Tidak
166,4,4,5,2,2,5,3,1,5,5,5,2,1,5,5,1,2,2,1,4,1,2,5,5,5,5,5,5,5,5,5,5,2,5,3,3,2,5,5,1,5,2,2,1,1,4,Ya
167,1,1,1,1,1,2,1,2,1,1,1,1,1,1,2,2,2,2,2,1,1,1,4,2,4,4,4,5,5,5,2,4,2,4,2,4,4,4,4,4,4,3,2,4,2,4,Tidak
168,4,4,4,4,4,4,4,4,4,4,4,4,4,4,4,4,4,4,4,4,4,4,4,4,4,4,4,4,4,4,4,4,4,4,4,4,4,4,4,4,4,4,4,4,4,4,Tidak
169,3,2,2,4,2,4,2,1,1,2,4,3,4,4,4,5,4,3,1,4,2,3,2,4,3,4,2,2,2,5,2,4,4,5,4,4,3,4,1,3,2,5,4,4,2,5,Tidak
170,1,2,2,3,1,2,1,2,2,3,4,2,2,2,2,1,1,1,1,2,1,2,3,3,3,5,4,4,3,2,2,2,2,2,2,2,2,3,2,3,2,2,4,2,4,4,Ya
171,2,2,4,1,1,4,1,1,1,2,4,1,2,2,2,1,2,2,1,2,1,1,4,2,4,4,4,4,4,1,1,2,1,4,4,4,4,4,5,5,3,2,1,1,1,1,Ya
172,1,3,1,1,1,3,1,1,3,1,4,1,2,2,1,1,1,1,1,1,1,1,4,4,3,4,5,1,1,3,1,1,1,1,4,4,3,3,3,1,4,1,1,1,1,3,Tidak
173,1,1,1,1,1,4,1,1,1,1,4,1,2,2,5,4,2,4,2,3,3,2,4,4,4,4,4,3,3,3,2,4,4,4,4,2,2,4,2,2,4,4,3,4,2,4,Tidak
174,2,2,1,2,1,4,1,3,1,1,2,1,1,3,5,2,1,4,2,2,3,1,5,1,2,1,5,3,2,1,1,1,1,1,4,1,3,2,5,4,2,1,2,2,1,5,Tidak
175,1,2,1,1,1,2,1,2,5,1,5,1,5,5,5,4,4,5,2,4,5,4,4,4,4,4,5,4,5,2,2,2,2,2,3,2,2,2,2,2,2,4,2,2,2,2,Tidak
176,2,1,1,3,2,4,1,2,2,2,3,2,3,4,5,5,5,5,4,2,4,4,1,1,1,1,1,3,2,5,3,2,1,4,5,4,4,5,3,5,3,1,4,3,2,4,Ya
177,4,4,5,4,4,5,4,2,2,4,5,4,1,2,2,1,2,4,2,2,1,1,2,4,4,2,4,2,2,1,2,2,2,4,5,4,4,4,5,4,2,4,3,3,2,2,Tidak
178,1,1,1,1,1,4,1,4,4,1,4,4,4,4,4,4,1,4,4,1,4,1,1,1,1,1,1,1,1,1,1,1,1,1,4,4,1,4,4,1,4,4,4,4,1,1,Tidak
179,2,2,2,4,2,3,1,1,2,2,3,2,2,2,4,2,2,2,2,2,2,2,4,4,4,4,5,5,5,5,5,5,5,5,3,3,3,3,3,3,4,3,3,2,3,3,Ya
180,3,4,2,2,3,2,2,1,1,1,3,2,1,1,3,1,1,1,1,1,1,1,4,1,1,1,2,4,1,1,1,1,1,1,1,5,1,4,2,4,1,4,4,1,1,1,Tidak
181,4,4,3,5,4,4,1,2,3,1,3,1,2,4,4,3,3,1,2,2,2,2,4,4,3,3,4,3,4,2,4,3,4,4,5,3,3,4,4,3,4,4,4,4,4,4,Tidak
182,1,2,1,1,1,4,1,1,1,1,1,1,2,2,2,2,2,2,1,1,1,1,1,1,1,1,1,1,1,1,1,1,1,1,1,1,1,1,1,1,1,1,1,1,1,1,Tidak
183,4,1,1,1,1,1,1,1,1,1,1,1,1,1,1,1,1,2,1,1,1,1,4,3,1,4,4,4,4,4,4,4,1,2,3,2,1,3,1,1,4,4,4,1,1,1,Tidak
184,5,4,5,5,1,5,1,3,2,5,5,2,1,1,3,1,1,2,1,1,3,1,5,5,5,5,5,5,5,5,5,5,4,5,5,5,5,5,5,5,5,4,4,5,3,5,Ya
185,2,2,2,1,1,2,3,2,2,2,2,2,1,2,4,2,3,3,3,3,3,3,4,4,4,3,4,4,4,3,3,2,3,3,3,3,3,3,3,3,3,3,3,3,2,3,Tidak
186,2,2,2,3,1,3,1,1,3,1,1,1,2,2,3,3,1,2,1,1,2,1,3,4,2,2,5,4,3,2,3,2,3,3,2,3,3,4,3,2,4,3,4,3,4,2,Tidak
187,2,3,2,2,3,3,3,1,2,2,3,3,3,3,2,2,2,2,1,2,2,2,4,3,3,4,3,3,3,3,2,3,3,3,2,2,2,3,2,2,3,2,2,2,3,2,Ya
188,4,4,5,5,3,3,3,1,2,4,4,3,4,5,3,4,2,3,2,2,3,1,5,4,4,3,4,4,3,3,2,2,2,4,4,4,4,5,5,4,5,3,5,4,3,5,Tidak
189,2,2,2,4,1,3,1,2,5,2,3,1,1,1,3,1,1,1,1,1,1,1,4,2,2,2,3,3,1,3,3,3,3,3,3,5,3,5,5,4,3,3,3,3,3,3,Tidak
190,3,3,3,2,1,2,1,3,2,3,3,2,3,4,4,2,3,2,2,2,2,1,4,2,2,2,5,4,4,2,2,2,1,4,5,4,3,5,4,4,3,2,2,2,2,3,Ya
191,3,2,3,3,3,5,3,2,4,4,5,1,3,3,4,4,4,3,1,3,3,3,2,2,2,2,4,3,3,2,2,3,3,5,4,5,3,5,5,3,3,3,4,2,4,4,Ya
192,1,1,1,1,1,3,1,1,4,2,2,1,2,3,4,2,3,2,2,2,2,2,4,3,4,4,2,3,4,3,2,3,4,2,3,4,3,4,4,4,3,2,2,2,2,2,Tidak
193,2,2,2,3,2,4,2,4,4,4,4,4,4,5,4,4,5,4,3,4,4,4,3,2,2,2,4,2,2,2,1,2,3,2,3,5,4,4,3,2,2,1,5,3,2,4,Tidak
194,2,2,2,2,2,2,2,2,2,2,2,2,2,2,2,2,2,2,2,2,2,2,2,2,2,2,2,2,2,2,2,2,2,2,2,2,2,2,2,2,2,2,2,2,2,2,Tidak
195,4,3,3,2,3,3,3,4,4,4,5,4,3,4,4,2,2,2,3,2,3,2,4,4,4,3,5,4,4,3,4,3,5,3,4,4,4,4,5,4,4,3,4,4,4,4,Ya
196,1,3,1,4,1,4,1,3,1,1,3,1,1,1,3,1,1,3,1,1,1,1,4,4,3,2,4,4,2,2,2,4,4,2,4,4,4,4,4,2,2,2,2,2,2,2,Ya
197,3,2,2,2,2,4,2,3,4,2,4,2,2,4,2,2,3,3,4,2,2,2,5,3,4,2,5,5,4,3,3,2,2,4,4,4,4,4,2,2,3,2,4,3,3,4,Tidak
198,5,4,3,4,2,5,4,2,5,5,5,5,4,4,2,2,3,4,4,2,5,2,5,4,5,5,5,5,5,3,5,4,4,5,5,4,5,4,4,4,5,3,5,4,5,4,Ya
199,3,2,1,1,1,4,1,3,1,3,4,2,1,1,3,1,2,1,1,2,1,1,1,4,4,4,4,1,4,5,3,1,5,3,5,5,4,5,2,5,3,4,3,1,1,4,Ya
200,2,3,2,1,2,4,2,2,4,2,5,3,2,4,4,2,3,3,2,4,2,2,5,4,4,4,5,5,5,4,3,2,2,4,4,3,4,4,2,2,4,4,4,3,3,3,Ya
201,4,3,3,4,2,3,3,2,4,3,2,3,2,2,4,2,4,4,2,2,1,1,4,4,4,4,4,4,4,3,4,4,4,4,3,3,3,3,4,3,4,4,3,4,4,4,Tidak
202,3,3,1,1,1,4,1,1,1,1,1,1,2,2,5,3,3,3,3,3,3,3,3,1,3,3,3,3,3,1,3,3,3,3,5,5,4,5,5,3,3,3,3,3,3,3,Tidak
203,3,2,2,4,2,2,2,1,2,2,4,2,2,3,2,2,2,2,3,1,2,2,2,2,2,2,4,3,3,2,2,2,2,2,5,4,2,5,5,2,2,3,4,2,2,3,Tidak
204,2,2,3,4,2,4,3,2,2,2,3,2,3,2,4,2,2,4,3,2,3,2,2,2,3,2,4,2,2,2,4,2,2,4,4,4,4,5,4,3,2,2,3,2,4,3,Tidak
205,2,2,1,2,1,3,1,1,1,1,4,1,1,1,1,1,1,1,1,1,1,1,4,4,4,4,4,4,3,4,3,4,3,2,3,1,2,2,3,4,4,4,4,2,4,4,Tidak
206,3,2,3,4,3,3,2,2,2,2,4,2,3,3,4,4,2,2,2,3,2,2,5,4,3,3,2,3,4,3,2,2,2,4,3,2,2,3,2,2,4,5,4,3,3,3,Tidak
207,1,2,2,4,2,2,1,1,3,2,4,4,1,1,1,1,1,1,1,1,1,1,4,4,1,1,1,1,1,1,1,1,1,1,1,1,1,4,4,1,1,1,1,1,1,1,Ya
208,2,1,1,1,1,1,1,1,1,1,5,2,1,1,5,3,1,2,1,1,1,1,3,1,4,2,2,5,2,4,1,3,1,4,1,3,2,1,4,5,2,1,1,1,1,1,Tidak
209,3,3,2,3,2,4,2,3,4,2,4,3,3,3,3,2,2,2,3,2,2,2,4,3,3,4,4,4,4,4,4,4,3,4,4,4,3,4,4,3,4,3,4,4,4,3,Tidak
210,3,4,4,3,3,4,3,4,5,3,5,4,4,4,3,3,4,4,4,3,4,4,5,4,5,4,4,4,4,3,3,3,4,5,4,3,4,4,3,2,3,4,4,4,4,2,Tidak
211,3,4,4,5,3,3,3,1,5,1,5,3,4,3,3,1,3,1,2,2,2,2,2,4,5,4,3,4,5,3,2,3,3,2,2,2,2,2,1,2,4,3,4,2,2,3,Ya
212,4,4,2,1,3,3,2,2,2,2,4,2,4,4,4,4,4,2,2,2,2,2,5,2,4,5,4,2,2,4,4,5,4,4,4,4,2,4,4,4,4,4,4,4,4,4,Tidak
213,4,4,5,5,4,4,5,5,5,4,5,5,4,5,5,5,5,5,5,5,5,5,4,5,5,4,5,5,5,5,5,5,4,4,5,5,5,5,4,4,4,5,5,5,5,5,Ya
214,2,2,4,2,2,3,1,1,4,5,5,2,1,1,2,1,1,3,2,1,2,1,4,4,2,2,4,4,4,5,4,2,4,4,4,3,2,4,4,2,4,5,2,2,1,2,Tidak
215,2,3,2,1,4,3,1,1,1,2,4,2,2,1,5,5,5,3,3,4,1,1,4,2,4,4,2,4,4,2,2,2,2,4,4,3,4,4,4,3,4,3,4,5,4,2,Ya
216,4,4,4,2,2,3,2,2,4,3,4,4,2,4,4,3,2,2,3,3,2,2,4,3,4,2,4,4,4,2,4,3,3,4,4,4,3,4,4,2,3,2,4,2,4,3,Tidak
217,3,3,2,2,1,4,1,4,1,1,1,1,1,1,1,1,1,1,1,1,1,1,4,1,4,4,5,4,3,1,1,1,1,5,3,4,4,4,4,4,5,3,5,5,3,5,Tidak
218,1,1,2,1,1,1,1,1,3,2,5,2,2,4,4,1,2,2,3,2,1,2,5,4,1,3,5,4,4,4,1,4,4,4,4,2,1,4,5,3,4,4,4,3,4,4,Tidak
219,2,2,2,2,2,4,1,2,2,2,2,2,3,2,3,3,2,4,2,2,3,1,4,3,2,2,3,3,2,2,2,2,2,3,4,4,3,4,4,3,2,2,2,1,2,2,Tidak
220,1,1,1,3,1,3,1,3,5,1,3,1,5,5,3,2,1,3,3,2,2,2,4,3,3,3,5,4,3,2,3,4,2,5,3,5,3,5,5,3,2,3,3,3,5,1,Tidak
221,3,5,2,5,1,1,1,1,4,3,4,1,1,5,2,1,1,5,1,1,1,1,4,4,1,2,5,1,5,5,1,1,1,1,5,3,2,5,5,5,2,1,1,1,3,2,Tidak
222,2,3,2,3,2,4,2,1,2,3,4,1,4,5,2,2,3,4,1,2,1,1,3,2,2,2,4,5,3,2,3,2,2,4,4,4,3,4,3,2,3,2,4,3,4,4,Tidak
223,1,2,1,1,3,2,1,1,1,1,1,3,1,1,3,1,1,1,1,1,2,1,2,2,2,3,1,1,1,2,1,3,1,1,1,1,1,3,4,1,1,1,4,4,1,1,Ya
224,2,3,4,2,2,2,2,1,1,2,3,1,2,4,2,2,2,2,2,2,4,4,4,4,2,2,4,2,2,2,2,2,1,4,5,1,1,5,5,1,1,1,1,1,1,1,Tidak
225,4,3,2,3,2,4,1,3,4,3,4,4,3,3,3,3,3,3,3,3,3,3,3,4,3,3,3,3,3,3,3,3,3,3,3,3,4,3,4,3,3,3,3,3,3,3,Ya
226,2,4,2,1,2,5,2,3,5,2,5,4,1,1,1,1,1,1,2,1,1,1,5,5,5,5,5,5,5,5,5,5,3,5,5,4,5,5,1,5,5,5,5,2,5,5,Ya
227,3,4,2,4,2,4,3,2,2,4,4,3,3,3,4,2,2,4,2,2,3,2,4,3,4,2,4,2,2,2,2,2,2,2,4,4,4,4,4,3,2,2,3,3,2,3,Tidak
228,2,2,2,2,2,2,2,1,2,2,2,2,2,2,2,2,1,2,2,2,2,1,4,4,2,2,2,2,2,4,2,2,2,2,3,2,2,1,2,4,2,2,2,2,2,2,Tidak
229,2,5,1,1,1,5,1,3,5,3,5,5,2,2,5,5,5,3,5,5,2,3,5,1,3,2,5,5,5,5,5,5,5,5,5,5,5,5,5,5,5,5,5,5,3,5,Tidak
230,2,3,2,1,1,3,1,2,5,1,2,1,1,2,1,1,1,1,2,1,1,1,4,3,4,3,3,2,1,2,3,3,3,1,3,2,2,2,2,3,1,3,2,5,3,3,Tidak
231,1,2,1,1,1,4,1,1,4,3,3,2,1,2,3,3,3,4,3,3,4,2,2,2,2,2,4,3,2,2,2,3,3,3,4,5,3,4,5,5,3,2,3,3,2,2,Tidak
232,1,2,1,1,1,1,1,2,1,5,5,1,1,1,1,1,1,1,1,1,1,1,1,1,1,1,2,1,2,1,1,1,1,1,3,2,1,1,1,1,1,1,4,1,1,1,Ya
233,2,2,2,4,3,4,3,2,1,3,4,2,4,2,2,1,3,3,1,2,2,2,5,4,3,4,5,5,3,5,3,2,4,4,5,4,4,4,4,3,3,5,5,4,3,2,Ya
234,2,1,1,2,1,3,1,1,1,1,1,1,2,2,1,1,1,1,1,1,1,1,2,4,2,3,2,1,1,1,1,1,1,1,1,3,1,2,3,3,2,1,1,3,2,4,Tidak
235,1,2,1,1,1,3,1,1,1,1,1,1,1,4,4,3,2,3,1,3,2,1,5,5,5,5,4,3,4,3,4,4,5,5,4,4,3,4,1,3,4,4,4,1,3,3,Tidak
236,5,3,5,5,2,3,2,3,5,4,5,4,1,1,2,2,1,3,1,1,2,1,5,4,4,2,5,5,5,3,5,5,5,5,3,4,2,4,5,1,4,5,5,3,3,5,Tidak
237,2,2,3,4,1,1,1,1,5,3,5,1,3,5,4,1,1,1,2,2,2,2,5,5,4,4,4,4,2,4,2,2,2,4,3,4,3,4,5,4,2,2,2,2,2,2,Tidak
238,2,3,1,4,2,5,2,3,2,2,5,4,4,4,4,2,2,3,1,1,2,1,5,3,2,1,5,5,3,1,1,1,1,4,5,4,4,4,4,2,3,2,5,4,1,2,Tidak
239,1,1,1,1,1,1,1,3,1,1,1,1,1,1,1,1,1,1,1,1,1,1,5,5,3,4,5,5,5,3,2,3,4,4,1,1,1,1,1,1,1,1,1,1,1,1,Tidak
240,4,4,2,3,2,4,2,3,3,4,3,4,3,4,3,3,3,4,3,3,4,3,3,2,3,3,4,3,3,3,3,3,3,4,4,4,4,4,4,4,3,3,3,3,3,3,Tidak
241,1,1,1,3,1,3,1,1,3,1,4,1,4,4,2,1,1,1,1,1,1,1,4,5,4,4,3,3,4,5,3,3,3,3,4,4,3,3,3,3,4,5,4,4,2,2,Tidak
242,3,2,2,3,1,4,1,3,5,2,3,1,4,5,5,5,5,5,5,5,5,5,2,1,1,1,3,3,3,3,3,3,2,2,3,5,5,5,5,5,3,5,4,4,4,4,Tidak
243,3,3,4,1,1,4,1,1,5,4,4,3,5,5,3,3,5,4,3,3,3,4,4,3,3,3,5,3,4,4,3,4,3,5,4,4,4,4,5,3,4,4,5,5,5,5,Tidak
244,2,2,1,2,1,4,1,1,3,2,4,1,1,1,4,2,3,2,1,1,1,1,2,1,2,2,4,3,3,3,1,1,1,2,4,3,1,4,3,1,1,1,1,5,1,1,Tidak
245,2,2,1,2,1,4,1,2,3,2,3,3,1,1,3,2,1,2,1,1,1,1,2,2,3,2,3,2,2,2,1,2,2,1,3,2,3,4,4,3,2,2,3,2,2,1,Ya
246,1,1,1,1,1,4,1,1,5,1,5,1,1,1,4,1,4,1,1,1,1,1,4,3,3,1,4,1,1,1,4,4,4,1,3,4,4,4,3,1,3,3,4,3,4,4,Tidak
247,2,2,2,2,2,3,2,2,2,2,4,2,3,2,4,2,2,2,2,2,3,2,2,2,2,2,4,2,2,4,2,2,2,2,3,4,2,4,3,2,2,2,2,2,2,2,Tidak
248,1,1,1,2,1,1,1,1,1,1,1,1,1,1,1,1,1,1,1,1,1,1,1,1,1,1,1,1,1,1,1,1,1,1,1,1,1,1,1,1,1,1,1,1,1,1,Ya
249,2,2,2,2,2,2,2,2,2,2,2,2,2,2,2,2,2,2,2,3,3,3,2,1,2,3,4,3,3,3,4,1,3,2,3,3,3,3,3,3,3,3,4,4,4,4,Tidak
250,3,3,2,3,3,4,2,3,3,2,3,1,3,3,1,2,2,2,1,1,2,2,3,3,4,3,2,3,3,3,2,2,3,2,4,2,2,4,2,2,3,4,4,3,2,3,Tidak
251,2,2,2,2,1,4,2,1,4,2,3,2,1,1,4,2,1,3,1,2,2,1,5,4,4,3,3,4,3,2,1,2,2,4,4,4,3,5,4,3,2,1,1,2,1,2,Tidak
252,3,1,3,3,2,2,2,1,2,2,3,3,3,3,3,2,3,3,2,2,2,2,3,3,3,2,2,2,3,3,2,2,2,3,3,4,2,2,4,3,3,3,3,2,3,2,Tidak
253,4,4,4,4,4,4,3,5,3,4,5,4,3,4,4,4,3,4,3,4,4,3,3,3,4,4,4,3,4,4,4,3,4,4,3,4,3,3,3,3,3,3,4,4,4,3,Tidak
254,2,2,1,3,1,1,1,4,5,3,4,1,1,5,3,5,2,4,3,2,3,2,5,4,3,5,2,5,5,3,5,2,4,1,1,1,1,4,2,3,5,4,3,2,5,5,Ya
255,2,2,2,4,2,4,2,1,1,2,4,2,2,4,4,2,2,4,2,2,4,2,4,2,2,2,4,2,2,2,2,2,2,2,2,4,2,4,4,2,2,2,2,4,2,2,Ya
256,2,2,2,2,2,3,2,2,2,2,3,2,3,3,2,4,4,2,1,1,1,3,4,5,4,4,3,4,4,3,2,3,2,3,4,4,3,4,3,2,2,3,2,5,5,4,Tidak
257,3,3,3,1,2,2,2,1,2,2,2,1,1,1,1,1,1,4,3,1,2,1,2,1,1,1,4,3,1,4,2,2,2,2,2,2,2,2,2,2,2,2,2,2,2,2,Tidak
258,4,4,2,4,2,4,2,4,4,3,3,4,4,3,4,4,4,4,3,5,4,3,3,4,4,4,4,4,3,4,3,4,2,4,4,5,3,4,5,4,5,4,4,4,4,5,Ya
259,1,1,1,1,1,2,1,2,1,1,3,1,2,3,3,1,1,2,1,1,1,1,4,4,5,3,3,4,5,5,3,3,1,3,3,3,4,4,4,3,4,5,4,3,3,4,Tidak
260,1,1,1,1,1,4,1,1,4,2,1,1,2,2,4,1,1,2,2,1,3,1,4,5,5,4,3,4,5,3,2,2,1,4,5,5,3,4,1,1,4,5,2,1,1,1,Ya
261,2,2,2,2,2,2,2,2,4,2,4,2,2,2,2,2,2,2,2,2,2,2,4,4,4,4,4,4,4,4,4,4,4,4,3,3,3,3,3,3,4,3,3,2,3,3,Ya
262,2,2,1,2,2,3,2,3,3,2,3,2,3,3,3,3,3,3,2,2,4,2,3,3,3,3,3,3,3,2,3,2,3,3,3,4,4,4,3,3,3,3,3,4,3,3,Tidak
263,4,4,3,5,3,4,2,3,4,3,5,4,5,5,3,3,4,4,2,3,2,3,4,4,5,4,3,3,4,3,4,3,3,4,4,4,4,5,4,3,4,4,4,4,4,3,Ya
264,4,5,4,4,4,4,3,5,4,4,5,3,4,3,5,4,4,3,5,4,4,4,5,4,5,3,4,4,3,4,5,4,4,3,5,5,4,5,4,4,3,5,4,4,5,4,Ya
265,5,4,5,5,3,4,5,4,4,5,4,3,3,4,4,5,4,5,5,3,4,4,4,4,5,3,4,4,5,3,4,4,5,4,5,4,3,4,5,4,4,3,4,5,4,4,Ya
266,1,1,1,1,1,3,1,1,1,1,5,1,1,1,4,1,5,1,1,2,1,1,3,3,2,2,5,3,3,3,2,3,1,3,4,4,3,4,3,3,3,2,5,3,1,2,Tidak
267,3,3,2,3,1,2,2,3,2,1,3,2,2,2,3,2,2,1,3,2,2,3,2,1,1,3,2,2,3,1,2,3,1,2,3,2,2,3,1,2,3,2,1,2,3,2,Ya
268,4,4,5,3,4,4,5,4,5,4,3,4,4,3,4,5,3,4,4,5,4,5,3,4,5,3,4,4,5,4,5,4,5,4,4,5,4,5,4,3,4,5,4,4,5,4,Ya
269,4,4,5,4,5,4,3,4,5,4,4,5,4,3,5,4,5,5,3,4,4,5,3,4,4,5,4,5,5,3,4,5,4,4,3,4,5,4,4,5,3,4,5,4,5,4,Ya
270,5,3,4,5,4,2,4,3,4,5,4,3,4,5,4,4,5,4,5,4,3,4,4,5,4,3,4,5,4,3,4,5,4,5,4,3,4,5,4,4,5,4,3,4,5,4,Tidak
271,3,2,2,3,1,2,3,2,2,1,3,2,2,2,1,2,3,2,2,1,2,3,2,3,1,2,2,1,2,3,1,2,2,3,2,1,2,1,3,2,2,1,3,2,1,3,Ya
272,5,4,4,5,3,4,5,4,4,3,4,5,4,4,3,5,4,5,4,3,5,4,4,5,5,4,3,4,5,4,3,5,4,4,3,5,4,4,5,4,3,4,5,4,3,5,Ya
273,4,4,3,5,4,3,4,5,3,4,3,4,5,3,4,5,4,3,4,5,3,4,4,3,5,4,3,5,4,3,4,5,4,4,3,4,5,4,3,4,4,5,3,4,5,3,Ya
274,2,3,3,1,2,3,3,2,1,2,3,2,2,2,1,3,2,2,3,1,2,1,2,1,2,2,3,2,1,2,3,1,2,2,1,3,2,2,1,3,2,2,1,2,3,2,Ya
275,5,4,4,3,4,5,4,3,4,5,4,4,3,4,5,4,3,5,4,5,4,3,4,4,5,4,5,4,3,5,4,3,5,4,4,5,5,3,4,4,4,5,4,4,5,4,Ya
276,4,5,4,3,4,5,4,2,4,3,4,5,4,5,4,3,4,5,4,5,4,5,4,3,4,5,4,3,4,5,4,5,4,3,4,5,4,4,3,4,5,4,5,4,3,4,Tidak
277,4,5,4,3,4,2,4,3,4,5,4,5,4,5,4,3,4,2,4,3,5,4,5,4,5,4,3,4,5,4,2,4,3,4,5,4,4,3,4,5,4,5,4,3,5,4,Tidak
278,5,4,3,4,5,4,5,4,3,4,5,4,4,5,4,3,4,5,5,4,3,4,5,4,5,4,3,4,5,5,4,3,4,5,4,3,4,2,4,3,4,5,4,3,5,4,Tidak
279,4,5,4,3,4,2,4,3,4,5,4,5,4,5,4,3,4,5,4,5,5,4,5,4,5,4,3,4,3,5,4,2,4,3,4,5,4,5,4,3,4,5,4,3,5,4,Tidak
280,4,4,5,4,5,3,4,4,5,4,5,5,4,5,4,4,5,4,5,3,4,4,5,5,4,5,4,3,5,4,4,5,4,5,5,5,4,4,5,3,4,5,4,4,5,4,Ya
281,5,4,5,5,5,4,4,5,3,5,4,5,4,5,5,5,4,4,5,3,4,5,4,5,4,4,5,4,5,5,5,3,5,4,5,5,4,5,4,4,5,3,4,5,5,5,Ya
282,4,4,4,5,5,3,5,4,5,5,4,5,3,5,4,5,5,4,5,4,4,4,5,5,4,5,4,5,3,4,4,5,5,5,4,4,5,3,4,5,5,4,5,4,4,5,Ya
283,5,4,5,5,5,4,4,5,4,5,3,5,4,5,3,5,4,5,3,4,4,4,5,5,4,5,3,4,4,5,3,5,4,5,5,5,4,4,5,4,5,3,4,5,4,4,Ya
284,5,5,4,5,4,3,5,3,4,4,4,5,4,5,4,4,4,5,5,3,5,4,5,4,5,5,5,4,4,5,3,4,5,5,4,5,4,5,3,4,4,4,5,5,4,5,Ya
285,5,4,5,5,5,4,4,5,3,4,5,5,4,5,4,4,4,5,5,3,5,4,5,4,5,5,5,4,5,3,4,4,5,4,5,5,5,4,4,5,3,4,5,5,4,5,Ya
286,2,2,1,3,2,1,1,2,1,2,2,2,1,3,2,1,1,2,1,2,2,1,3,1,2,2,1,2,1,1,2,1,2,2,2,1,2,1,1,2,1,2,2,1,2,1,Ya
287,2,1,3,2,1,1,1,2,2,1,3,2,1,2,1,1,1,2,1,3,2,1,2,2,2,1,3,2,1,1,2,1,2,2,1,2,1,1,2,1,3,2,2,1,2,1,Ya
288,5,5,4,5,4,3,5,4,4,4,5,5,3,5,4,5,5,5,4,4,5,4,3,5,4,4,5,3,4,5,5,4,5,4,5,5,5,4,4,5,3,5,4,5,5,4,Ya
289,2,1,2,2,2,1,3,2,1,1,2,1,2,2,1,3,2,1,1,2,1,2,1,3,2,1,1,1,2,2,1,2,1,3,1,2,2,1,2,1,1,1,2,2,1,3,Ya
290,3,1,2,3,1,2,2,1,3,1,2,2,3,1,2,2,1,1,2,2,1,2,2,3,1,1,2,3,1,2,2,1,1,3,2,1,1,2,3,1,2,1,1,1,2,3,Tidak
291,2,1,3,1,1,2,2,1,3,1,1,3,2,1,1,2,1,3,1,1,2,3,2,1,1,2,3,1,1,2,2,1,2,3,1,1,2,2,3,3,1,2,3,1,2,2,Tidak
292,2,1,3,2,2,1,3,1,2,1,1,2,2,1,3,1,1,2,2,2,3,1,2,1,3,1,1,2,2,1,3,1,2,2,1,3,1,2,2,1,2,1,3,1,1,2,Tidak
293,2,1,3,1,2,2,1,1,3,2,2,2,2,1,3,1,1,2,2,1,3,1,2,1,1,2,3,1,1,2,2,1,3,2,2,1,1,2,1,1,2,2,3,1,2,2,Tidak
294,2,1,3,1,2,2,1,3,1,2,2,3,2,1,3,2,2,1,3,1,2,3,1,1,2,1,3,1,2,2,1,3,1,2,2,1,1,1,3,1,2,3,1,1,2,2,Tidak
295,4,5,3,5,4,4,5,5,5,4,5,3,4,5,3,4,5,5,4,5,3,4,5,3,5,5,4,4,3,5,4,3,5,4,4,3,5,5,4,3,5,5,4,5,3,4,Ya
296,2,1,3,1,2,1,3,2,1,1,2,3,2,1,3,1,1,2,2,1,3,2,2,1,3,1,1,2,3,1,2,3,1,2,2,1,1,1,2,3,1,1,2,2,1,3,Ya
297,2,1,3,2,1,1,2,3,1,2,2,1,2,3,1,1,2,1,3,2,1,2,2,1,1,1,3,2,2,1,2,1,1,3,1,1,2,1,3,1,1,2,2,1,3,1,Ya
298,4,3,5,5,4,4,5,3,5,4,5,3,4,5,4,5,5,3,4,5,5,4,4,4,3,5,5,3,4,4,5,5,5,4,5,3,4,4,3,5,4,5,3,5,4,5,Ya
299,5,4,5,5,4,4,3,5,4,5,3,4,5,5,3,4,5,4,3,5,4,4,5,5,3,4,5,3,4,4,5,5,4,5,4,5,3,5,4,4,5,4,3,5,4,4,Ya
300,2,4,4,2,1,4,2,1,4,5,5,3,1,4,4,2,1,2,1,2,4,2,4,5,4,2,5,2,4,4,2,2,2,2,2,5,4,4,4,4,4,4,5,2,4,4,Ya
301,2,1,2,1,2,1,2,4,5,4,4,4,2,1,4,2,1,2,2,4,5,3,4,4,5,4,5,4,5,4,4,5,5,3,4,4,4,5,4,5,4,4,5,2,2,4,Ya
302,4,4,2,2,2,4,1,3,4,4,4,5,4,4,4,2,1,4,4,2,4,2,4,2,4,4,4,4,5,4,2,2,1,2,4,5,4,4,4,5,4,5,4,2,1,4,Ya
303,4,5,2,2,1,5,2,4,5,4,4,4,4,5,4,5,4,4,5,3,4,5,4,5,4,5,2,4,4,5,2,1,5,2,5,5,4,5,4,5,4,4,5,2,2,4,Ya
304,4,5,2,1,2,4,2,4,5,4,4,2,2,4,5,4,3,4,4,4,4,2,5,3,4,4,5,4,5,2,2,2,4,2,4,4,4,5,2,2,4,4,5,2,1,4,Ya
305,2,1,2,2,1,2,1,1,2,1,2,2,2,1,2,2,1,2,1,1,2,1,1,2,1,1,2,1,2,1,2,2,1,2,1,1,2,1,2,2,1,2,1,2,1,1,Ya
306,4,5,4,4,5,4,5,4,5,5,4,5,5,4,5,5,4,5,4,5,4,4,4,5,4,4,5,4,5,5,4,2,5,4,5,5,4,5,4,4,5,4,5,5,4,2,Ya
307,5,5,4,5,4,4,5,5,4,5,4,5,4,5,4,4,5,4,5,5,4,4,4,5,4,5,5,4,5,4,4,2,5,4,5,5,4,5,4,4,5,5,4,5,4,2,Ya
308,4,5,4,5,5,4,5,4,4,5,4,4,5,5,4,5,4,4,5,4,5,5,5,5,4,5,4,4,5,4,4,2,4,4,5,4,5,5,4,5,4,4,5,4,5,2,Ya
309,2,4,3,5,4,4,2,4,4,5,3,4,4,5,5,4,5,3,4,4,5,4,5,3,5,4,5,5,4,5,3,5,4,4,5,4,5,5,3,5,4,4,5,4,5,4,Ya
310,4,5,4,5,4,4,5,5,4,5,4,4,4,5,4,4,5,4,5,4,5,5,4,5,4,4,5,4,5,5,4,5,2,4,5,5,4,5,4,4,5,4,5,4,5,2,Ya
311,3,1,2,2,1,3,1,3,4,4,5,3,2,3,1,2,2,1,2,1,3,2,4,5,3,4,4,5,4,5,3,4,4,5,5,3,5,4,4,5,4,5,3,4,4,5,Ya
312,3,5,4,4,5,4,5,5,3,5,4,4,5,5,4,5,3,5,4,4,5,3,4,4,5,4,5,3,5,4,4,5,5,3,4,4,5,4,5,5,3,5,4,4,5,4,Ya
313,4,5,5,3,5,4,4,5,4,5,5,3,5,4,5,3,4,4,5,4,4,5,3,4,4,5,4,5,3,5,4,4,5,4,5,3,4,4,5,4,5,5,4,5,3,4,Ya
314,4,5,5,3,5,4,5,5,3,4,4,5,4,5,3,5,5,4,5,4,4,5,3,5,4,4,5,4,5,5,3,5,4,5,5,4,5,3,5,4,4,5,4,5,3,4,Ya
315,2,3,1,2,2,1,2,1,3,1,2,2,1,1,2,1,3,1,2,1,1,3,2,2,3,1,2,1,1,2,1,3,2,2,1,2,1,1,3,1,2,2,1,1,3,2,Ya
316,5,4,5,5,3,5,4,4,5,4,5,5,4,5,3,5,4,4,5,4,5,5,3,5,4,4,5,4,5,5,3,5,4,4,5,4,5,3,5,5,4,5,4,3,5,4,Ya
317,4,5,3,5,4,4,5,4,5,5,3,4,5,4,5,5,4,3,5,4,4,5,3,5,4,4,5,5,4,5,3,5,4,4,5,4,5,3,5,4,4,5,4,5,5,3,Ya
318,4,5,3,5,5,4,4,5,4,5,3,4,4,5,5,3,5,4,4,5,4,5,3,5,4,5,5,4,5,3,4,4,5,4,5,5,4,5,3,5,4,4,5,4,5,5,Ya
319,4,4,5,3,4,4,5,4,5,3,4,4,5,3,5,5,4,5,3,4,4,5,4,5,3,5,4,4,5,4,5,3,5,4,4,5,4,5,3,4,4,5,4,5,5,3,Ya
320,4,4,5,4,5,3,4,5,4,5,5,4,5,4,5,3,4,5,4,5,5,4,5,5,4,5,4,3,5,4,5,5,4,5,4,5,5,4,5,3,4,5,4,5,5,4,Ya
321,4,3,4,5,4,5,5,4,5,4,5,5,5,4,5,3,4,5,4,5,4,4,5,4,5,4,3,5,4,5,5,4,5,4,4,5,3,4,5,4,5,4,4,5,4,5,Ya
322,4,5,4,5,5,3,4,5,4,5,5,4,5,4,5,3,4,5,4,5,5,4,5,4,5,4,4,5,4,3,4,5,5,5,5,4,5,4,4,5,4,5,5,3,4,5,Ya
323,4,5,4,5,5,4,3,5,4,5,5,4,5,4,5,3,4,5,4,5,5,4,5,4,3,5,4,5,4,5,5,4,5,4,4,5,4,5,5,4,5,4,5,3,4,5,Ya
324,4,5,4,4,5,4,3,5,4,5,5,4,5,4,5,4,5,3,4,4,5,4,5,5,4,5,4,5,3,4,5,4,5,5,4,5,4,3,5,4,5,5,4,5,4,4,Ya
325,4,3,4,5,4,5,5,4,5,4,4,5,4,5,3,4,5,4,5,5,4,5,4,5,4,5,5,4,3,5,4,5,5,4,5,4,4,5,4,5,5,4,3,4,5,4,Tidak
326,4,4,5,4,3,4,5,4,5,5,4,5,4,5,4,5,5,4,5,4,3,4,5,5,4,5,4,3,5,4,5,5,4,5,4,4,5,4,5,5,4,5,4,5,5,4,Tidak
327,4,5,4,4,5,4,5,5,4,5,4,4,4,4,5,4,5,3,5,4,4,5,5,4,5,5,4,5,4,4,5,2,5,4,5,5,4,5,4,4,5,4,5,5,4,2,Ya
328,5,4,5,5,4,5,3,5,5,4,5,5,4,4,5,3,5,5,4,5,4,4,4,4,5,4,5,5,4,4,5,4,5,2,4,5,4,4,5,4,5,5,4,5,4,1,Ya
329,4,5,4,4,5,4,5,5,4,5,4,5,5,5,4,5,4,4,5,4,5,5,5,5,4,5,4,4,5,4,5,5,4,2,4,5,4,4,5,4,5,5,4,5,4,1,Ya
330,2,1,2,2,1,2,2,1,2,1,4,2,2,1,3,2,2,1,2,3,1,2,4,3,4,4,3,2,4,5,2,3,2,1,2,1,2,2,1,3,3,1,2,1,1,2,Ya
331,2,2,1,2,1,2,2,1,3,1,2,2,2,1,2,2,4,2,5,2,1,2,2,1,2,2,1,2,1,2,2,3,1,2,2,1,3,2,1,1,4,3,5,4,3,4,Ya
332,4,5,4,4,5,4,5,5,4,5,4,4,4,5,3,5,4,4,5,4,5,5,4,5,3,5,5,4,5,4,4,5,2,5,4,5,4,4,5,4,4,5,3,5,5,2,Ya
333,4,5,4,4,5,4,5,5,5,4,3,4,4,5,5,4,3,5,4,4,5,4,5,4,5,3,4,5,5,4,5,4,4,5,4,5,4,4,5,4,5,4,3,5,4,4,Ya
334,4,5,4,5,5,4,5,5,4,3,5,4,4,5,5,4,5,3,4,4,5,4,5,4,5,5,4,5,3,4,5,5,4,5,4,4,5,4,5,3,4,4,5,5,4,5,Ya
335,2,1,2,2,1,3,1,2,1,1,4,2,3,1,2,2,1,2,1,2,2,1,2,1,2,1,3,2,2,1,2,1,2,2,2,1,2,2,1,3,1,2,1,1,2,1,Ya
336,4,5,4,4,5,4,5,4,5,5,4,5,4,4,5,4,5,5,4,5,4,5,4,5,4,4,5,3,4,4,5,4,2,4,4,5,4,4,5,4,5,5,4,5,4,2,Ya
337,5,5,4,3,5,4,5,5,4,5,4,4,5,4,5,4,4,3,5,4,5,4,5,4,5,5,4,5,4,4,3,5,4,5,5,4,5,4,4,5,4,5,4,3,5,4,Tidak
338,4,3,4,5,4,5,5,4,5,4,5,5,4,5,4,5,5,4,3,5,4,5,4,4,5,4,5,4,3,5,4,5,5,4,5,4,5,5,4,5,4,5,5,4,5,4,Tidak
339,4,5,4,5,4,5,5,4,3,5,4,5,4,5,4,5,5,4,3,4,5,4,5,4,3,5,4,5,4,5,5,4,5,4,4,5,4,5,5,4,3,4,5,4,4,5,Tidak
340,5,4,5,4,3,4,5,4,5,4,3,4,5,4,3,4,5,4,4,4,5,4,4,2,4,3,4,5,4,5,4,3,4,5,4,3,4,5,4,4,3,4,5,4,5,4,Tidak
341,4,5,4,3,4,5,4,5,4,3,4,5,4,5,4,3,4,5,4,5,3,4,1,2,1,2,4,3,5,4,5,4,3,4,5,4,5,4,3,4,5,4,3,4,5,4,Tidak
342,4,5,4,3,4,5,4,3,4,5,4,5,4,5,4,3,4,5,4,5,4,5,4,5,4,3,4,2,4,3,4,5,4,5,4,3,4,5,4,3,4,5,4,5,4,5,Tidak
343,4,5,4,3,4,5,4,5,4,3,5,4,5,4,5,4,3,4,5,4,5,4,5,4,5,4,3,4,5,4,4,5,4,5,4,5,4,3,4,5,4,5,4,5,4,4,Tidak
344,4,5,4,3,4,5,4,5,2,4,3,5,4,5,4,3,5,5,4,3,5,4,2,1,2,2,4,3,4,5,4,3,4,5,4,3,4,5,4,5,4,3,4,5,4,5,Tidak
345,2,1,2,1,2,1,2,1,2,1,2,1,2,1,2,1,2,1,2,1,2,1,2,1,2,1,2,1,2,1,2,1,2,1,2,1,2,1,2,1,2,1,2,1,2,1,Ya
346,4,5,4,5,4,5,4,5,4,5,4,5,4,5,4,5,4,5,4,5,4,5,4,5,4,5,4,5,4,5,4,5,4,5,4,5,4,5,4,5,4,5,4,5,4,5,Ya
347,5,4,4,5,4,5,5,4,5,4,4,5,5,5,4,5,4,4,5,4,5,5,4,5,5,4,5,3,4,5,4,5,4,5,5,4,5,5,3,4,5,4,4,5,4,5,Ya
348,5,4,5,4,5,4,5,4,5,4,5,4,5,4,5,4,5,4,5,4,5,4,5,4,5,4,5,4,5,4,5,4,5,4,5,4,5,4,5,4,5,4,5,4,5,4,Ya
349,4,3,4,5,4,4,5,4,5,4,5,4,5,3,5,5,4,4,5,4,5,4,4,4,5,4,5,3,5,4,4,5,4,5,4,4,5,4,5,3,5,4,5,4,5,4,Ya
350,5,4,4,5,3,5,4,4,5,4,5,5,5,4,5,5,4,5,4,5,3,5,5,4,5,5,3,4,5,4,5,4,4,5,5,4,5,4,5,3,5,4,5,4,5,5,Ya
351,5,4,5,5,3,4,5,4,4,5,4,5,5,5,4,5,3,5,4,5,4,4,5,4,5,5,4,4,3,5,4,4,5,4,5,5,4,5,4,5,3,4,5,4,5,5,Ya
352,5,4,5,5,3,4,4,5,4,5,3,4,5,4,4,5,4,5,5,3,4,5,5,4,5,5,3,5,4,4,5,4,5,4,4,5,5,4,5,3,5,4,5,5,4,5,Ya
353,4,4,5,3,4,5,5,4,4,5,3,5,5,4,4,5,4,5,3,5,4,4,5,4,5,5,4,4,5,3,5,4,4,5,4,5,4,5,5,3,4,5,4,5,5,4,Ya
354,4,5,5,3,4,5,3,5,4,4,5,4,4,5,5,4,5,4,5,3,4,5,5,4,5,4,4,5,4,5,4,5,5,4,5,3,5,4,4,5,4,5,4,5,5,4,Ya
355,5,4,5,5,3,5,3,4,4,5,4,5,5,5,4,5,3,4,5,4,5,5,4,5,5,4,5,4,5,5,4,5,4,5,3,5,4,4,5,4,5,5,4,5,4,5,Ya
356,2,3,4,3,4,2,3,4,2,4,2,3,4,2,3,2,3,4,3,4,2,3,4,3,2,3,2,4,2,4,3,4,2,3,2,3,4,3,4,2,3,4,2,4,2,3,Ya
357,5,4,5,4,5,4,5,4,5,4,5,4,5,4,5,4,5,4,5,4,5,4,5,4,5,4,5,4,5,4,5,4,5,4,5,4,5,4,5,4,5,4,5,4,5,4,Ya
358,5,4,5,4,5,4,5,4,5,4,5,4,5,4,5,4,5,4,5,4,5,4,5,4,5,4,5,4,5,4,5,4,5,4,5,4,5,4,5,4,5,4,5,4,5,4,Ya
359,4,5,4,5,4,5,4,5,4,5,4,5,5,4,5,4,5,4,5,4,5,4,5,4,5,4,5,4,5,4,5,4,5,4,5,4,5,4,5,4,5,4,5,4,5,4,Ya
360,4,5,3,5,4,4,5,4,5,5,4,5,5,3,4,4,5,4,5,4,4,5,5,4,5,5,4,5,4,4,5,3,5,4,4,5,4,5,4,5,5,4,5,3,4,5,Ya
361,5,4,5,4,5,4,5,4,5,4,5,4,5,4,5,4,5,4,5,4,5,4,5,4,5,4,5,4,5,4,5,4,5,4,5,4,5,4,5,4,5,4,5,4,5,4,Ya
362,5,4,4,5,3,5,4,5,4,4,5,4,5,5,4,5,3,4,5,4,5,4,5,4,5,4,3,5,4,5,5,4,5,4,5,4,5,5,4,5,4,5,5,4,5,4,Ya
363,2,1,2,1,2,1,2,1,2,1,2,1,2,1,2,1,2,1,2,1,2,1,2,1,2,1,2,1,2,1,2,1,2,1,2,1,2,1,2,1,2,1,2,1,2,1,Ya
364,4,5,4,5,4,5,4,5,4,5,4,5,4,5,4,5,4,5,4,5,4,5,4,5,4,5,4,5,4,5,4,5,4,5,4,5,4,5,4,5,4,5,4,5,4,5,Ya
365,4,5,5,4,4,5,4,4,5,5,4,4,4,5,5,4,4,5,5,4,5,4,4,4,5,5,4,5,5,4,4,5,5,4,5,4,4,5,5,4,5,4,4,5,5,5,Ya
366,4,5,5,4,4,2,4,5,5,4,4,5,4,5,5,4,4,5,5,4,5,4,4,5,5,4,4,5,5,2,4,5,5,4,4,5,5,4,4,5,5,4,4,5,5,4,Ya
367,4,5,5,4,4,5,4,4,5,5,4,5,4,5,5,4,4,5,5,4,5,4,4,5,5,4,4,5,5,4,4,5,5,4,4,5,5,4,4,5,5,4,4,5,5,4,Ya
368,1,2,2,1,1,2,1,1,2,2,1,2,1,2,2,1,1,2,2,1,1,2,1,2,2,1,1,2,1,2,1,1,1,2,2,1,1,2,2,1,1,2,2,1,1,2,Ya
369,4,5,5,4,4,5,5,4,4,5,5,4,4,5,4,4,5,5,3,4,4,5,5,4,5,5,4,4,5,4,5,5,4,5,3,5,4,4,5,5,4,5,4,4,5,5,Ya
370,4,5,5,4,4,5,5,4,4,5,5,4,4,5,5,4,4,5,5,4,5,4,4,5,5,4,4,5,5,4,4,5,5,4,3,5,4,4,5,5,4,5,4,4,5,5,Ya
371,4,5,5,4,4,5,5,4,4,5,5,4,4,5,5,4,4,5,5,4,5,4,5,4,4,5,5,4,4,5,5,4,5,4,4,5,5,4,5,5,4,4,5,5,4,4,Ya
372,1,2,2,1,1,2,2,1,2,4,1,2,1,2,1,1,2,1,2,2,1,1,1,2,2,1,1,2,1,1,2,2,1,1,2,1,1,2,2,1,1,2,2,1,1,2,Ya
373,4,5,5,4,4,5,5,4,4,5,5,4,4,5,5,4,4,5,5,4,4,5,4,5,5,4,4,5,4,4,4,5,5,4,5,5,4,4,5,5,4,4,5,5,4,5,Ya
374,4,5,5,4,4,5,5,4,4,5,5,4,4,5,5,4,4,5,5,4,4,5,4,5,5,4,4,5,4,4,5,5,4,4,5,5,4,5,4,4,5,5,4,4,5,5,Ya
375,5,5,5,4,5,4,5,3,5,4,5,5,5,5,4,5,5,5,4,3,4,5,5,5,4,5,5,5,3,4,4,4,5,4,4,5,4,5,5,5,3,4,4,4,5,5,Ya
376,4,4,4,3,4,4,4,5,5,3,5,4,5,5,3,5,4,4,4,4,5,5,4,5,3,5,5,5,4,5,3,4,4,5,5,5,4,5,3,5,4,4,5,5,5,4,Tidak
377,4,5,5,3,5,4,5,5,5,4,4,3,3,4,5,4,4,4,5,5,3,4,5,5,5,5,4,5,3,4,4,5,3,5,4,4,4,4,5,3,4,4,3,5,5,5,Tidak
378,4,4,3,5,4,5,5,3,5,3,4,4,5,4,5,3,3,4,4,4,4,5,5,4,5,3,4,4,5,5,5,5,4,5,4,5,3,5,4,4,5,5,4,3,4,4,Tidak
379,5,4,5,4,4,4,5,3,5,4,5,5,4,5,4,5,3,3,3,4,4,5,5,4,5,3,4,4,5,5,5,5,4,5,5,5,4,4,3,5,4,4,4,4,5,5,Tidak
380,4,5,5,4,4,4,4,3,5,5,4,5,5,4,4,4,3,5,3,5,4,4,3,4,4,5,4,4,5,5,5,5,4,4,4,5,3,4,4,5,5,5,5,5,4,4,Tidak
381,3,4,4,4,5,4,5,5,5,4,4,5,5,4,5,3,4,5,4,5,5,4,4,5,3,4,4,5,5,5,5,5,4,4,4,4,3,5,4,4,4,4,5,3,4,4,Tidak
382,5,5,5,4,5,3,4,4,5,4,4,5,4,5,5,5,3,5,4,5,4,4,5,4,5,4,4,5,5,5,5,5,3,4,5,5,5,4,5,4,4,4,5,5,4,5,Tidak
383,5,4,5,4,5,3,5,4,5,4,4,4,5,4,5,4,4,4,4,5,5,4,5,3,5,4,3,3,5,5,5,4,5,4,5,5,5,5,5,3,4,4,3,5,4,5,Tidak
384,4,4,3,5,4,5,5,5,4,4,3,5,5,4,5,4,4,4,4,5,5,4,4,5,3,5,5,5,5,4,4,5,5,5,5,3,4,4,5,5,5,5,5,4,4,4,Tidak
385,2,1,3,1,2,1,2,1,3,1,4,1,1,2,1,3,1,2,1,3,1,2,2,1,3,1,2,1,2,1,3,1,2,1,1,2,1,3,1,2,2,1,3,1,2,1,Tidak
386,5,4,5,4,5,4,5,4,5,4,1,4,4,5,4,5,4,5,4,5,4,5,5,4,5,4,5,4,5,4,5,4,5,4,4,5,4,5,4,5,5,4,5,4,5,4,Ya
387,4,4,5,5,4,5,5,4,5,3,5,4,5,4,5,5,4,4,5,5,4,5,4,4,5,4,4,5,5,4,5,5,4,4,5,4,5,5,4,5,4,4,5,5,4,5,Ya
388,4,5,4,5,4,5,4,5,4,5,2,5,5,4,5,4,5,4,5,4,5,4,4,5,4,5,4,5,4,5,4,5,4,5,5,4,5,4,5,4,4,5,4,5,4,5,Ya
389,1,2,1,3,1,2,1,2,1,3,5,2,2,1,3,1,2,1,3,1,2,1,1,2,1,3,1,2,1,2,1,3,1,2,2,1,3,1,2,1,1,2,1,3,1,2,Ya
390,3,4,4,5,4,4,5,5,4,5,5,4,5,4,4,5,5,4,5,5,4,4,5,5,4,5,5,4,5,5,4,4,5,5,4,5,4,4,5,5,4,5,5,4,4,5,Ya
391,4,5,4,5,4,5,4,5,4,5,2,5,5,4,5,4,5,4,5,4,5,4,4,5,4,5,4,5,4,5,4,5,4,5,5,4,5,4,5,4,4,5,4,5,4,5,Ya
392,5,4,5,4,5,4,5,4,5,4,1,4,4,5,4,5,4,5,4,5,4,5,5,4,5,4,5,4,5,4,5,4,5,4,4,5,4,5,4,5,5,4,5,4,5,4,Ya
393,2,1,1,1,2,3,2,1,1,1,2,2,2,2,2,1,1,1,1,2,2,2,2,2,1,1,2,3,2,2,1,1,2,2,4,5,5,5,4,5,2,1,1,1,2,1,Ya
394,5,5,4,2,1,2,1,1,2,1,1,2,1,1,2,1,1,1,2,2,2,1,5,5,4,5,4,4,4,5,5,4,5,4,2,1,1,2,2,2,5,4,3,5,4,3,Ya
395,5,4,4,4,4,5,5,4,5,4,4,4,5,5,5,4,5,4,4,3,4,4,1,1,2,1,2,2,2,1,1,1,2,1,5,5,4,4,4,4,2,2,2,1,1,2,Ya
396,4,4,4,5,5,4,5,4,4,3,4,4,1,3,2,2,1,1,2,1,1,1,1,2,2,1,1,1,1,1,2,2,1,2,2,2,1,1,2,2,1,1,1,2,2,1,Ya
397,2,2,1,1,2,1,1,2,2,3,2,2,1,1,2,1,2,2,2,2,1,3,2,3,2,2,2,1,1,2,1,1,1,2,5,4,4,5,4,4,3,2,2,1,1,1,Ya
398,4,5,4,5,4,5,4,5,4,5,2,5,5,4,5,4,5,4,5,4,5,4,4,5,4,5,4,5,4,5,4,5,4,5,5,4,5,4,5,4,4,5,4,5,4,5,Ya
399,5,5,4,4,5,5,4,4,4,3,5,4,2,1,2,2,2,1,1,2,3,2,2,1,1,1,2,1,2,2,3,2,3,1,1,1,1,2,2,2,1,1,3,2,2,2,Ya
400,2,1,3,1,2,1,2,1,3,1,4,1,1,2,1,3,1,2,1,3,1,2,2,1,3,1,2,1,2,1,3,1,2,1,1,2,1,3,1,2,2,1,3,1,2,1,Ya
401,5,5,5,4,4,3,4,3,5,5,5,4,1,1,2,2,3,2,2,1,1,2,5,4,4,4,5,4,4,3,4,4,5,5,2,2,2,1,1,1,5,5,5,4,4,4,Ya
402,5,4,5,4,5,4,5,4,5,4,1,4,4,5,4,5,4,5,4,5,4,5,5,4,5,4,5,4,5,4,5,4,5,4,4,5,4,5,4,5,5,4,5,4,5,4,Ya
403,4,5,4,5,4,5,4,5,4,5,2,5,5,4,5,4,5,4,5,4,5,4,4,5,4,5,4,5,4,5,4,5,4,5,5,4,5,4,5,4,4,5,4,5,4,5,Ya
404,1,1,1,2,1,2,2,2,3,2,3,2,2,1,1,1,2,2,3,2,2,1,4,5,5,5,4,4,5,3,4,4,5,5,2,1,1,2,2,2,1,2,1,1,1,2,Ya
405,5,5,5,5,4,4,4,5,4,5,5,3,2,1,1,1,1,2,2,2,3,2,1,1,1,2,1,2,2,3,2,2,2,1,1,2,2,2,2,1,1,1,2,1,2,3,Ya
406,2,2,1,1,1,2,1,2,2,2,3,2,4,4,5,3,3,4,4,4,5,4,2,1,2,2,2,1,1,2,2,2,1,3,1,2,2,1,1,1,3,2,2,1,3,2,Ya
407,4,4,5,4,4,5,5,4,5,5,4,4,5,4,4,5,5,4,5,5,4,4,5,5,4,5,5,4,4,5,4,4,5,5,4,5,5,4,4,5,5,4,5,5,4,4,Ya
408,5,5,4,5,5,4,4,5,5,3,5,4,4,5,5,4,5,5,4,4,5,5,4,5,4,4,5,5,4,5,5,4,4,5,4,4,5,5,4,5,4,4,5,5,4,5,Ya
409,5,4,5,5,4,5,5,4,5,5,4,5,4,4,5,5,4,5,4,4,5,5,4,5,5,4,4,5,4,4,5,5,4,5,4,4,5,5,4,5,4,4,5,4,5,5,Ya
410,2,1,2,2,1,1,2,2,1,2,2,1,2,1,2,2,1,2,1,1,2,1,2,2,1,2,1,3,2,2,1,2,2,1,1,2,2,1,2,1,2,2,1,1,2,1,Ya
411,4,4,5,5,4,5,5,4,4,5,4,4,5,4,5,5,4,5,5,4,4,5,4,4,5,5,4,5,5,4,4,5,4,5,5,4,4,5,4,5,5,4,4,5,5,4,Ya
412,5,5,4,5,4,4,5,5,4,5,5,4,5,4,4,5,5,4,5,5,4,4,5,4,5,5,4,5,5,4,4,5,5,4,5,5,4,4,5,4,4,5,5,4,5,5,Ya
413,5,5,4,4,5,4,4,5,5,4,5,4,5,3,4,4,5,4,4,5,5,4,5,4,5,5,4,5,5,4,4,5,5,4,5,4,4,5,5,4,4,5,5,4,5,4,Ya
414,5,5,4,4,5,4,4,5,5,4,5,5,4,5,4,4,5,5,4,5,5,4,5,4,4,5,5,4,4,5,5,4,5,5,4,4,5,4,4,5,5,4,5,5,4,4,Ya
,,,,,,,,,,,,,,,,,,,,,,,,,,,,,,,,,,,,,,,,,,,,,,,
