No,NO,DS1,DS2,DS3,DS4,DS5,DS6,DS7,DS8,DS9,DS10,DS11,DS12,FOMO1,FOMO2,FOMO3,FOMO4,FOMO5,FOMO6,FOMO7,FOMO8,FOMO9,FOMO10,DB1,DB2,DB3,DB4,DB5,DB6,DB7,DB8,DB9,DB10,DB11,DB12,DB13,DB14,DB15,DB16,DB17,DB18,DB19,DB20,DB21,DB22,DB23,DB24,Kelompok
1,1,2,2,1,2,1,3,1,2,4,1,5,2,3,4,3,1,1,3,1,1,3,3,5,3,4,4,4,4,2,3,2,3,3,4,3,2,2,3,1,2,3,3,2,2,4,2,Tidak
2,2,2,4,2,2,1,4,2,2,4,4,5,2,2,4,2,2,4,2,2,2,4,2,4,2,2,4,5,4,4,2,2,4,2,5,4,5,4,4,5,4,4,2,4,4,4,4,Tidak
3,3,4,4,3,5,1,4,4,2,1,1,4,4,3,5,4,1,4,1,1,1,2,1,5,3,2,1,4,4,3,4,3,1,1,5,5,5,5,3,1,1,1,5,5,4,1,1,Tidak
4,4,4,4,1,4,1,3,1,3,1,2,4,4,2,2,2,1,2,2,2,2,2,1,4,2,2,2,4,2,2,2,2,2,2,4,3,4,4,4,4,4,2,2,2,2,2,2,Tidak
5,5,3,4,5,3,3,4,3,2,5,4,5,4,5,5,3,2,2,3,2,2,3,2,5,3,4,5,5,5,5,5,5,5,5,5,5,5,5,5,5,5,5,5,5,5,5,5,Tidak
6,6,3,4,4,2,2,4,3,3,3,4,4,3,4,4,2,2,2,2,4,2,2,2,4,2,4,4,4,4,2,2,2,4,2,2,4,4,5,5,2,4,2,2,2,2,2,2,Tidak
7,7,2,2,1,4,2,2,1,2,2,2,5,2,4,2,4,4,4,5,4,2,4,3,4,2,4,3,4,4,4,4,4,2,4,4,4,4,4,4,4,2,2,2,4,4,4,4,Tidak
8,8,3,5,2,3,1,4,1,1,1,1,1,1,1,1,3,1,1,1,1,1,1,1,4,4,3,4,4,4,4,2,4,4,1,4,4,3,3,3,3,3,3,3,3,3,3,3,Tidak
9,9,2,3,1,3,2,4,1,3,2,1,3,2,2,2,5,3,3,5,3,4,3,2,4,3,3,3,4,4,4,2,3,4,3,4,4,5,4,5,5,4,4,3,4,4,4,5,Tidak
10,10,1,2,2,3,1,2,1,2,2,2,2,1,3,1,5,1,1,1,4,1,1,1,5,2,4,3,2,5,4,1,2,5,1,4,5,5,4,5,5,5,5,1,1,1,4,1,Tidak
11,11,3,2,4,4,2,4,2,2,3,1,4,2,2,4,2,2,1,2,2,2,2,1,4,2,2,2,2,4,2,2,2,2,2,4,2,4,2,2,2,2,1,2,2,2,2,2,Tidak
12,12,4,4,4,3,4,3,3,3,3,4,4,4,4,5,4,4,2,4,3,3,3,2,4,3,4,3,4,4,4,5,3,4,3,3,5,4,4,4,4,4,3,3,3,4,3,2,Tidak
13,13,1,2,1,2,1,1,1,2,2,2,4,1,2,2,1,1,2,2,2,2,1,1,2,2,2,2,1,4,2,1,1,1,2,2,2,2,1,1,2,1,2,2,2,2,1,2,Tidak
14,14,1,1,1,4,1,2,1,2,1,1,3,1,1,4,4,2,2,2,2,2,2,2,3,2,2,2,4,3,3,2,1,2,2,2,3,4,3,2,3,2,2,2,4,2,2,2,Tidak
15,15,2,4,2,2,2,2,2,3,2,2,3,3,2,4,4,2,2,4,4,2,4,2,4,2,4,4,4,4,4,2,4,2,2,2,4,3,2,4,4,3,4,3,3,3,4,4,Tidak
16,16,3,4,3,4,3,2,2,2,1,5,2,2,1,1,3,3,3,2,3,3,3,3,3,3,2,3,3,3,4,4,5,4,3,5,4,5,5,4,5,5,5,1,4,4,4,4,Tidak
17,17,2,3,4,5,2,3,2,2,2,3,4,2,1,2,3,2,2,1,2,1,1,1,2,2,4,4,2,2,2,1,2,2,2,2,2,4,2,2,4,2,4,2,2,2,2,2,Tidak
18,18,3,3,2,3,3,4,2,3,3,3,3,3,2,3,2,4,3,3,2,2,2,2,4,4,2,2,4,4,4,4,2,1,3,2,4,5,5,5,5,4,4,4,1,1,1,1,Tidak
19,19,2,4,4,4,2,2,2,2,2,4,4,2,4,4,4,2,2,4,2,2,2,2,4,2,4,4,4,3,4,2,4,2,2,4,2,4,4,4,2,4,4,4,4,2,4,2,Tidak
20,20,5,4,3,5,3,4,3,4,3,3,3,4,4,4,3,3,3,3,3,3,3,3,4,4,3,3,4,3,3,3,3,3,3,3,4,4,4,5,5,4,4,4,3,4,3,2,Tidak
21,21,2,2,2,3,2,2,2,2,3,2,4,2,2,4,4,3,2,3,2,2,2,2,4,3,3,3,4,4,3,2,3,2,3,3,4,3,3,4,4,3,3,3,4,3,2,3,Tidak
22,22,3,3,3,3,2,2,3,2,4,3,3,2,3,3,4,4,4,3,3,3,2,2,4,4,4,4,4,4,4,4,4,4,4,4,3,3,3,4,2,3,4,3,4,4,4,4,Tidak
23,23,2,3,2,3,2,4,2,4,2,4,4,1,2,2,4,2,2,4,4,2,3,2,4,3,3,4,3,4,4,2,3,2,2,4,3,4,3,4,4,2,4,2,4,4,4,2,Tidak
24,24,3,4,3,1,1,1,1,2,2,2,4,2,1,4,4,2,1,1,1,1,1,1,4,3,5,5,5,5,4,2,3,3,1,4,2,2,2,2,2,2,4,3,4,3,2,2,Tidak
25,25,2,1,2,1,1,2,1,1,2,2,2,1,1,1,3,1,1,1,1,1,1,1,2,3,3,2,3,2,2,2,1,1,1,2,2,2,2,1,3,1,2,2,3,2,1,1,Tidak
26,26,4,4,3,4,3,4,3,3,3,3,4,3,2,2,2,2,2,3,4,2,4,3,4,3,3,4,5,5,5,3,4,3,3,4,5,4,4,5,4,5,4,4,5,5,4,5,Tidak
27,27,4,2,1,4,1,3,1,2,4,1,4,2,1,1,4,3,3,2,3,2,2,2,2,2,3,3,2,2,2,2,2,2,2,3,3,3,3,3,3,3,2,3,3,2,3,3,Tidak
28,28,1,1,1,3,1,3,1,1,5,1,5,1,1,4,1,1,1,1,1,1,1,1,5,5,5,1,1,5,5,5,1,1,1,1,3,5,1,3,1,1,1,1,1,1,1,1,Tidak
29,29,3,5,5,2,1,3,3,3,4,3,3,2,2,3,3,4,3,3,3,3,4,3,4,3,5,5,4,4,4,3,4,3,3,3,5,5,5,5,5,5,5,4,4,2,2,4,Tidak
30,30,2,4,4,5,2,4,1,4,5,5,5,4,2,4,4,2,2,4,4,4,4,2,5,2,2,2,5,5,5,2,5,2,2,5,5,4,3,4,2,2,4,2,2,2,5,1,Ya
31,31,2,2,3,4,3,2,3,2,4,2,4,2,2,1,3,2,1,1,1,1,2,1,4,4,1,1,1,4,4,2,2,1,1,3,4,3,3,3,4,3,4,3,3,2,4,2,Tidak
32,32,2,3,2,2,2,4,2,2,4,2,5,2,2,2,4,3,2,4,2,2,2,2,5,5,5,4,2,2,4,4,3,4,2,4,4,2,4,5,3,4,5,4,4,3,4,2,Ya
33,33,2,4,3,5,1,4,1,3,4,3,3,3,2,5,4,2,1,3,3,3,3,2,5,5,5,5,5,5,5,5,5,5,5,3,5,5,5,5,5,5,4,3,5,3,4,4,Tidak
34,34,1,1,1,1,1,1,1,1,1,1,3,1,1,1,2,1,1,1,1,1,1,1,3,1,1,3,4,5,4,1,2,1,1,3,1,1,3,3,4,1,3,1,1,1,1,5,Tidak
35,35,4,2,2,4,2,2,2,4,2,2,4,2,4,4,4,4,2,4,4,2,4,2,4,4,4,2,4,4,4,3,4,4,4,4,4,4,4,4,4,4,4,4,3,2,3,2,Tidak
36,36,5,4,3,4,5,5,5,5,5,5,5,5,5,5,5,5,5,5,5,5,5,5,5,5,5,5,5,5,5,5,5,5,5,5,5,5,5,5,5,5,5,5,5,5,5,5,Tidak
37,37,3,1,3,3,2,2,2,2,2,2,4,2,1,1,2,1,1,3,3,2,1,1,4,4,3,2,3,3,3,2,3,2,2,3,3,2,3,3,4,3,3,3,4,4,3,4,Tidak
38,38,2,1,1,1,1,1,1,1,1,1,1,1,2,2,2,2,2,2,2,2,2,2,4,1,1,4,4,4,4,2,2,2,2,4,2,2,3,2,2,2,4,2,2,2,2,2,Tidak
39,39,1,1,1,1,1,1,1,1,1,1,1,1,3,5,4,4,4,2,4,4,3,4,5,5,5,5,2,5,5,5,5,5,5,5,5,4,3,3,1,2,4,4,4,4,4,4,Tidak
40,40,1,4,1,3,2,3,1,1,1,1,4,3,2,2,4,3,2,3,2,1,3,2,4,4,3,3,4,4,3,3,3,4,3,4,4,3,3,4,3,3,4,2,4,3,3,3,Tidak
41,41,1,1,1,1,1,1,1,1,1,1,1,1,4,4,1,1,1,1,1,1,4,1,1,4,1,1,1,1,1,1,1,1,1,1,4,4,1,1,1,1,1,1,4,1,1,1,Tidak
42,42,1,1,1,1,1,1,1,1,1,1,2,1,1,2,3,1,1,1,1,1,1,1,3,2,2,3,4,3,3,2,3,3,2,4,4,3,3,4,3,3,3,2,2,2,2,3,Tidak
43,43,3,4,3,4,3,4,3,2,3,3,2,4,2,4,4,2,3,4,3,2,3,3,4,3,3,3,4,4,3,4,4,3,3,4,4,4,4,5,3,4,3,2,4,2,3,3,Tidak
44,44,1,1,2,2,2,3,1,1,2,1,1,1,2,2,4,1,1,1,1,1,1,1,1,1,1,1,4,1,1,1,1,2,1,1,2,3,1,2,2,1,1,1,1,1,1,3,Tidak
45,45,4,3,3,4,3,4,2,2,4,3,4,2,2,2,2,2,1,3,2,2,2,1,3,4,2,2,3,3,2,2,2,2,4,3,4,4,2,4,3,3,2,2,3,3,3,3,Tidak
46,46,1,1,1,1,1,1,1,1,1,1,1,1,1,3,4,2,1,2,1,2,2,2,2,1,1,1,2,1,1,1,1,1,1,1,1,3,2,2,2,1,1,1,1,1,1,1,Tidak
47,47,3,2,2,3,3,4,3,2,2,2,3,3,2,2,4,2,2,3,2,2,2,1,2,3,3,2,4,3,3,2,2,2,2,3,4,3,3,4,3,3,3,3,3,2,3,2,Tidak
48,48,1,1,1,1,1,1,1,1,1,1,1,1,1,1,3,1,1,1,1,1,1,1,2,1,1,1,3,3,1,1,1,1,1,1,1,1,1,2,1,1,1,1,1,1,1,1,Tidak
49,49,2,2,2,3,3,3,2,2,3,3,3,3,3,4,3,3,2,3,3,2,3,2,4,3,4,3,3,4,3,3,3,3,2,3,3,3,3,3,3,3,3,3,4,3,3,3,Tidak
50,50,3,3,2,2,2,2,2,2,2,2,2,2,2,2,2,2,2,2,2,2,2,2,3,2,2,2,2,2,2,2,2,2,2,2,2,2,2,2,2,2,2,2,2,2,2,2,Tidak
51,51,3,4,2,3,3,3,3,3,3,3,3,3,3,3,3,3,3,3,3,3,3,3,3,3,3,3,3,3,3,3,3,3,3,3,3,3,3,3,3,3,3,3,3,3,3,3,Tidak
52,52,2,1,2,4,2,4,2,2,3,2,3,2,2,2,4,2,1,3,4,1,4,1,4,5,1,1,3,2,4,2,5,2,2,3,5,5,5,5,5,5,4,3,4,2,2,5,Tidak
53,53,4,3,3,4,1,2,2,3,3,3,4,4,3,4,3,3,3,4,3,3,4,2,2,2,3,3,2,4,5,3,5,4,3,4,1,3,3,5,4,3,3,5,3,2,3,4,Tidak
54,54,2,2,2,4,2,2,2,2,2,2,2,2,2,3,2,2,2,4,3,3,4,3,3,4,4,4,3,3,3,2,2,3,2,4,3,4,3,4,3,3,2,3,4,2,3,4,Tidak
55,55,3,2,2,2,3,2,2,2,2,2,4,3,2,2,3,2,2,2,2,2,2,2,2,2,2,2,3,2,3,2,2,2,2,3,4,4,4,2,2,2,2,2,2,2,2,3,Tidak
56,56,1,1,1,3,2,2,1,1,2,2,4,2,2,4,3,3,3,3,2,2,2,2,4,3,3,2,3,3,4,3,2,2,3,3,3,3,3,3,3,4,3,2,3,3,3,3,Tidak
57,57,2,2,2,3,1,1,1,1,1,1,5,1,1,1,2,1,1,1,1,1,1,1,4,2,2,2,3,2,4,2,2,1,1,3,2,3,3,2,2,3,2,2,2,4,1,1,Tidak
58,58,1,1,1,1,1,2,1,2,1,1,3,2,4,4,3,2,1,2,1,1,1,1,4,4,4,3,4,3,4,2,2,3,1,2,2,2,3,4,3,4,3,2,2,2,2,2,Tidak
59,59,2,2,3,3,1,3,2,1,2,2,3,1,1,3,2,1,3,2,3,1,3,2,5,5,5,5,5,5,5,3,5,5,5,5,3,5,5,5,4,1,4,1,3,3,4,5,Tidak
60,60,4,3,3,4,3,3,2,3,2,2,3,3,1,2,3,2,2,2,3,2,3,1,3,2,3,3,4,3,4,3,4,3,3,4,4,4,3,4,4,4,4,3,3,3,4,4,Tidak
61,61,4,3,3,3,3,2,1,1,1,3,3,2,3,4,3,3,3,4,2,2,3,2,2,3,2,2,3,3,3,2,3,2,2,3,3,4,4,4,4,4,3,2,4,4,3,4,Tidak
62,62,3,3,2,3,2,4,2,3,3,1,3,2,2,2,3,3,2,2,2,2,2,2,3,2,3,3,3,4,3,3,2,2,2,2,4,3,3,4,4,2,3,2,3,3,2,2,Tidak
63,63,2,3,1,5,1,5,1,1,1,1,4,1,2,4,5,3,3,1,1,1,1,1,2,5,1,1,4,3,1,1,4,1,1,1,1,3,1,3,3,3,1,1,3,1,1,1,Tidak
64,64,4,4,2,3,2,2,2,2,2,3,4,3,2,3,3,2,2,2,2,2,2,2,3,3,3,4,4,3,2,2,2,2,2,3,3,3,2,4,4,2,2,2,3,2,2,2,Tidak
65,65,1,2,3,3,3,4,1,2,3,4,5,3,3,4,4,2,3,2,3,2,2,2,5,4,3,4,5,4,4,2,2,2,2,3,4,4,4,5,4,3,3,2,5,2,3,4,Tidak
66,66,4,3,4,4,4,3,4,2,2,2,3,3,3,4,3,3,2,3,3,3,2,2,5,4,4,4,5,2,3,4,2,2,2,2,5,4,4,5,5,4,4,5,4,3,3,5,Tidak
67,67,3,2,2,3,2,4,2,3,4,2,4,4,1,1,2,1,1,4,1,1,3,2,4,4,3,3,5,5,4,3,3,2,3,3,4,4,4,4,3,3,3,3,2,1,1,2,Tidak
68,68,4,4,3,3,3,4,2,2,2,2,4,3,2,3,2,3,3,3,3,3,3,2,3,3,3,3,4,4,4,3,3,3,2,3,3,3,3,3,2,3,3,3,2,2,2,3,Tidak
69,69,1,1,1,1,1,1,1,1,2,1,3,1,1,3,1,2,2,1,1,1,1,1,1,1,1,1,1,1,1,1,1,1,1,1,4,5,3,4,5,2,1,1,1,1,1,1,Tidak
70,70,2,2,4,3,1,3,1,3,4,3,5,4,2,2,4,3,2,3,1,1,2,2,2,1,1,2,4,4,3,3,3,4,4,5,4,4,3,4,5,3,3,2,4,4,3,4,Tidak
71,71,2,1,4,2,1,1,1,1,1,1,5,4,1,4,1,1,1,3,2,1,5,1,5,4,3,3,4,3,1,3,4,3,3,4,5,4,5,5,3,3,3,4,3,1,5,4,Tidak
72,72,2,2,1,3,1,2,1,2,2,3,4,1,5,5,2,1,2,2,1,1,2,1,4,4,4,4,4,2,2,1,1,1,1,1,2,4,2,4,4,4,2,2,3,4,2,2,Tidak
73,73,3,4,3,3,2,4,1,3,4,4,2,4,2,2,4,3,3,4,4,3,4,3,3,3,3,3,4,4,2,2,3,3,3,4,4,4,4,4,4,4,3,3,4,3,4,4,Tidak
74,74,1,1,1,1,1,3,1,2,2,4,4,4,1,1,2,1,1,3,3,1,3,1,5,5,3,3,4,4,4,4,4,4,3,2,4,5,5,5,5,5,5,5,5,4,4,5,Tidak
75,75,4,5,5,5,5,3,3,4,4,5,5,5,2,4,4,3,4,5,5,4,3,4,5,5,5,5,5,5,5,5,5,5,5,5,5,5,5,5,4,5,5,5,4,3,4,5,Tidak
76,76,2,2,2,3,2,2,2,2,2,2,4,2,3,3,4,2,2,2,2,1,1,1,3,3,3,3,4,4,3,4,2,2,2,3,3,3,3,4,4,3,3,3,4,3,2,2,Tidak
77,77,1,1,1,1,1,1,1,1,1,1,1,1,1,1,1,1,1,1,1,1,1,1,1,1,1,1,3,1,1,1,1,1,1,1,1,1,1,1,1,1,1,1,1,1,1,1,Tidak
78,78,4,3,4,4,2,5,2,4,3,3,4,4,2,2,4,3,2,4,2,2,4,1,4,4,2,2,4,3,3,2,3,4,3,4,4,4,3,4,4,2,3,4,4,4,2,4,Tidak
79,79,1,2,1,1,1,2,1,1,4,1,4,1,2,4,4,1,2,1,1,1,1,1,4,5,4,5,5,5,5,4,5,4,2,5,5,5,4,4,3,5,4,5,3,2,5,5,Tidak
80,80,5,5,5,5,5,4,4,5,4,4,5,4,3,3,3,3,3,3,2,2,2,2,5,4,3,3,5,4,4,4,3,4,4,4,3,3,3,3,3,3,3,3,3,3,3,3,Tidak
81,81,2,3,2,3,3,2,2,1,2,3,3,2,5,5,3,2,2,3,3,2,3,2,4,3,3,3,5,5,5,3,4,3,3,3,3,3,3,3,2,3,3,2,2,2,2,1,Tidak
82,82,2,2,1,1,1,1,1,1,1,2,3,2,1,1,2,1,2,1,1,1,1,1,4,3,3,2,4,3,2,2,2,1,1,4,2,2,2,2,2,3,3,2,3,2,3,2,Tidak
83,83,2,3,1,1,1,3,1,1,4,3,5,1,1,1,3,4,1,1,4,1,5,1,5,5,4,4,5,2,5,3,3,4,1,5,3,3,4,3,4,2,3,3,4,2,3,4,Tidak
84,84,3,3,2,3,2,4,2,3,3,2,4,3,2,4,3,2,2,3,2,2,3,2,4,4,3,4,4,4,4,4,4,3,3,4,3,3,3,3,4,3,4,4,4,2,3,3,Tidak
85,85,2,2,2,2,2,2,2,1,4,4,4,3,2,1,1,2,2,4,1,1,4,1,4,5,5,5,4,2,4,4,4,5,2,4,2,2,4,4,5,2,5,2,4,2,4,2,Tidak
86,86,4,5,3,2,2,2,2,3,2,3,3,3,2,3,5,5,5,3,4,5,4,4,4,3,3,3,4,4,4,4,4,3,3,4,5,5,5,5,5,5,4,4,3,3,4,4,Tidak
87,87,2,1,1,2,1,2,2,2,4,2,4,2,4,4,4,4,4,4,4,4,4,4,4,2,2,2,2,4,4,2,2,2,2,2,4,2,4,4,4,4,2,2,4,4,2,2,Tidak
88,88,2,2,2,2,2,2,3,2,2,2,4,2,2,2,3,2,2,2,2,2,2,2,4,4,2,3,4,4,3,2,2,2,2,2,4,4,2,4,2,4,4,2,4,2,2,2,Tidak
89,89,3,3,2,3,2,2,2,2,3,3,4,3,2,3,3,4,3,3,2,3,2,3,3,3,3,2,4,5,4,3,4,3,2,5,5,3,3,4,3,2,3,3,3,2,3,5,Tidak
90,90,2,3,2,2,2,2,2,2,3,3,3,3,3,3,2,2,1,1,1,1,1,1,3,5,2,2,3,4,4,2,3,3,2,4,2,2,2,3,3,2,3,4,4,3,3,2,Tidak
91,91,1,1,1,1,1,1,1,1,1,1,4,2,1,1,1,1,1,1,1,1,1,1,2,2,2,2,2,4,2,1,1,1,1,1,2,4,1,2,2,4,2,2,1,1,1,1,Tidak
92,92,2,2,2,3,2,1,1,2,3,2,4,3,3,3,4,4,2,3,3,3,3,3,4,4,4,3,5,4,3,3,3,3,3,3,4,4,4,4,4,4,3,4,3,3,3,3,Tidak
93,93,4,4,3,3,3,3,3,3,3,3,4,3,2,2,2,2,2,2,2,2,2,2,4,4,4,4,4,4,4,3,3,3,2,2,3,4,4,4,4,4,4,4,4,3,4,4,Tidak
94,94,2,2,1,1,1,2,1,1,1,2,4,2,5,5,4,2,2,5,4,4,4,2,5,4,5,5,5,5,4,4,4,5,2,5,4,2,4,4,1,2,4,4,5,1,2,1,Tidak
95,96,3,3,2,3,2,4,2,2,2,4,4,2,2,2,4,2,3,2,4,2,2,4,4,4,2,2,4,4,2,2,2,3,3,4,4,4,3,4,4,2,2,3,3,3,3,3,Tidak
96,97,3,2,1,1,1,3,1,1,3,3,4,4,1,4,1,1,1,1,1,1,1,1,5,3,4,4,5,5,4,3,5,3,2,4,1,3,1,3,2,3,3,2,2,1,4,4,Ya
97,98,4,4,4,3,3,4,2,2,4,3,4,3,2,3,3,2,2,3,2,2,2,3,4,3,3,3,4,4,4,2,3,3,3,4,4,2,3,4,4,2,4,3,4,3,3,2,Ya
98,99,3,4,2,1,3,1,2,1,2,4,3,3,1,1,3,5,5,3,1,1,2,2,3,3,2,4,5,5,5,3,3,4,1,5,4,5,3,5,4,4,5,3,5,5,5,5,Tidak
99,100,2,4,3,3,2,4,2,2,2,2,2,2,4,4,2,2,2,2,2,2,4,2,2,2,2,3,3,2,2,3,3,2,4,4,4,4,4,4,2,3,2,4,3,3,2,2,Tidak
100,101,2,1,1,2,1,2,1,2,2,1,4,2,1,2,2,2,1,1,2,1,2,1,4,2,1,2,4,3,1,3,1,2,1,1,2,2,2,2,3,2,2,1,1,1,1,2,Tidak
101,102,2,3,1,1,2,3,1,1,1,1,4,1,2,2,2,2,3,3,3,3,2,2,4,3,3,3,3,3,3,3,3,3,4,4,4,3,4,4,4,2,2,2,3,4,3,3,Tidak
102,103,1,1,1,2,2,3,1,1,2,2,5,1,1,1,1,1,1,1,1,1,1,1,3,3,3,1,4,1,2,1,1,1,1,1,1,1,3,1,3,3,1,5,1,1,3,3,Tidak
103,104,2,3,2,3,2,3,2,2,3,2,2,2,2,2,2,2,2,2,2,2,2,2,2,2,2,2,3,2,2,2,2,2,2,2,3,3,2,3,3,2,2,2,3,2,2,2,Tidak
104,106,1,1,1,1,1,3,1,1,5,1,1,1,1,1,5,3,3,1,1,1,1,1,4,4,4,3,4,3,4,1,1,1,1,1,3,3,1,3,3,2,3,1,3,4,3,3,Tidak
105,107,1,2,1,3,2,2,1,2,4,1,4,2,2,2,3,2,2,2,2,2,2,1,3,2,2,2,4,3,3,2,2,2,2,3,3,2,4,3,2,2,3,2,3,3,2,2,Tidak
106,108,2,3,2,2,1,4,1,3,4,1,4,2,2,2,2,2,2,4,2,2,3,2,5,5,3,3,5,5,5,5,3,3,2,5,4,5,4,4,4,5,3,3,3,2,4,4,Tidak
107,109,2,2,2,3,1,1,1,1,1,1,3,1,1,3,4,1,4,1,1,2,2,1,5,5,5,5,3,2,3,2,2,4,3,1,5,3,3,5,3,3,2,2,2,2,2,2,Tidak
108,110,2,2,4,2,1,3,1,1,2,3,4,1,4,4,2,1,1,3,2,1,2,1,3,4,2,2,2,2,1,1,1,4,3,1,3,1,1,4,1,1,3,4,5,3,2,1,Tidak
109,111,2,3,2,3,2,4,2,2,3,3,4,2,2,3,2,2,3,3,4,2,3,2,3,3,4,3,3,3,4,2,3,2,2,3,4,3,3,4,3,3,3,2,3,4,3,4,Tidak
110,112,2,2,2,2,2,2,2,2,4,3,4,2,2,2,2,2,2,2,2,2,2,2,4,3,3,4,4,4,4,4,4,3,3,4,4,4,4,4,4,3,4,4,4,4,2,4,Ya
111,113,2,2,1,1,1,3,1,1,1,1,4,2,1,5,2,1,3,1,1,1,1,1,5,5,4,4,5,3,5,2,1,2,2,2,2,1,1,3,1,2,2,5,3,4,1,1,Tidak
112,115,3,3,2,4,1,3,1,3,4,2,5,2,2,3,4,2,2,2,2,2,2,2,3,4,4,4,4,2,4,2,2,4,4,4,2,2,2,2,2,2,2,2,2,2,4,2,Tidak
113,116,1,1,1,5,1,3,1,1,5,1,5,1,1,1,5,1,1,1,1,1,1,1,5,2,5,3,5,3,5,1,2,2,1,2,4,3,1,1,1,5,1,1,1,1,1,1,Ya
114,117,5,4,4,3,3,4,4,3,1,3,3,4,4,4,2,1,1,1,2,1,1,1,3,5,3,3,2,3,4,4,3,2,1,1,5,5,4,5,5,5,3,5,4,3,2,3,Ya
115,118,1,1,1,2,1,3,1,2,5,2,3,3,3,4,4,3,1,3,2,3,3,1,4,4,3,3,2,5,5,3,2,2,2,2,4,3,3,4,4,4,4,5,4,2,3,2,Tidak
116,119,2,3,2,3,2,3,2,2,2,3,2,2,2,3,2,3,2,2,2,2,2,2,3,2,2,2,3,2,2,2,3,2,2,2,3,4,2,4,3,3,2,2,4,2,2,2,Tidak
117,120,2,2,2,1,1,3,1,3,1,1,3,2,2,2,2,2,2,3,2,2,2,2,4,4,4,4,5,3,3,2,2,2,2,2,5,5,4,5,5,5,2,2,2,2,2,2,Tidak
118,121,1,3,1,3,1,4,1,3,4,3,4,3,4,4,3,2,2,4,4,2,4,2,4,4,4,2,5,4,3,2,4,3,2,5,4,4,4,4,4,4,4,2,4,4,4,2,Tidak
119,122,1,1,1,1,1,1,1,3,1,1,5,1,1,1,1,1,1,1,1,1,1,1,5,3,1,1,1,1,1,1,1,1,1,1,1,1,1,1,1,1,1,4,1,1,1,1,Tidak
120,123,2,2,2,2,2,2,2,2,4,2,5,2,2,2,2,2,4,2,4,4,2,2,4,4,4,2,4,2,2,2,2,2,2,2,2,2,2,2,4,2,2,2,3,4,2,2,Tidak
121,124,1,2,2,3,1,1,2,1,2,3,4,3,2,3,3,3,2,3,2,2,2,2,4,3,3,4,3,2,3,3,2,3,3,2,3,3,3,4,4,3,3,3,3,4,3,3,Tidak
122,125,1,3,1,1,1,3,2,1,5,2,5,2,2,2,4,2,1,1,1,2,1,1,4,3,4,4,2,3,2,2,2,2,2,3,3,4,2,4,3,3,3,2,2,2,2,3,Ya
123,126,5,3,4,4,4,5,1,2,4,2,4,2,4,2,2,2,3,4,4,3,4,4,2,2,4,1,1,1,3,1,2,1,1,1,2,3,3,2,2,2,4,3,4,1,3,4,Ya
124,127,4,4,3,3,2,3,2,4,3,4,4,2,4,4,2,2,2,3,3,3,3,3,4,4,4,4,5,5,5,3,5,5,5,4,4,4,3,4,3,4,4,3,3,4,2,2,Ya
125,128,4,4,2,2,2,2,2,1,4,2,4,2,2,3,4,3,2,2,2,2,2,2,4,2,2,4,4,2,2,2,3,2,1,3,2,2,2,2,2,2,3,2,2,4,2,2,Ya
126,129,2,2,1,2,2,1,1,1,3,2,3,2,2,3,3,3,3,3,3,3,3,3,3,3,3,3,2,3,3,2,3,2,3,3,2,3,3,3,3,3,2,2,2,2,2,2,Tidak
127,130,1,1,1,1,1,1,1,1,1,3,5,1,1,1,4,1,1,1,1,1,1,1,1,1,3,1,3,1,1,1,1,1,1,1,1,1,1,3,1,1,1,1,3,3,1,1,Tidak
128,131,2,2,1,1,1,4,1,1,1,4,4,2,2,2,4,4,4,4,4,4,4,4,4,2,4,5,5,5,5,5,5,5,5,5,5,2,4,4,4,2,4,2,4,4,4,4,Tidak
129,132,1,2,2,2,2,2,2,2,2,2,4,2,2,3,2,2,2,2,2,2,2,2,5,2,4,4,5,4,2,2,2,2,2,4,4,4,2,2,2,2,4,2,4,2,2,2,Ya
130,133,2,2,1,2,1,3,1,2,4,2,2,1,2,1,1,1,1,2,1,1,3,2,5,3,4,5,5,5,3,2,2,2,1,4,3,3,3,2,2,2,1,2,2,1,1,3,Tidak
131,134,5,5,4,5,1,4,1,1,5,2,5,5,1,1,1,1,1,5,1,1,1,1,5,1,1,5,1,5,5,2,1,1,1,1,5,4,2,5,5,5,5,5,5,2,1,2,Ya
132,136,3,1,2,2,1,4,2,1,5,3,4,3,1,1,5,3,1,2,2,1,2,1,3,2,2,2,2,2,2,2,4,2,2,3,4,2,3,3,2,2,2,2,4,3,4,2,Tidak
133,137,2,3,2,4,1,2,2,2,2,2,2,2,3,3,3,2,2,2,2,2,2,5,4,2,2,2,2,2,2,2,2,5,2,3,2,2,3,2,3,1,2,3,5,3,3,1,Ya
134,138,1,2,2,1,2,3,3,1,2,2,2,3,2,2,4,2,4,3,1,2,3,2,4,2,3,3,5,2,4,2,4,4,3,4,3,4,3,4,3,3,4,3,3,2,2,2,Tidak
135,139,2,3,2,2,1,4,2,2,2,2,4,3,1,3,4,2,1,3,2,3,2,1,4,2,4,4,5,3,3,4,5,3,3,5,3,3,3,4,2,4,2,2,5,2,3,2,Tidak
136,140,1,1,1,1,1,1,1,1,1,1,1,1,1,1,1,1,1,1,1,2,1,1,1,2,1,1,1,1,1,1,1,1,1,1,1,2,1,1,1,1,1,1,1,1,1,2,Ya
137,141,2,2,4,2,2,3,2,2,3,3,4,3,2,4,3,2,2,2,2,2,2,2,4,4,4,4,4,4,4,4,3,4,2,3,3,3,2,3,3,3,4,3,4,4,2,1,Tidak
138,142,2,3,2,3,2,3,2,2,2,3,3,3,2,2,2,3,3,2,2,2,3,2,4,4,4,4,4,4,3,3,2,3,3,3,3,4,4,4,4,4,4,4,4,4,3,4,Tidak
139,143,1,2,2,2,2,4,2,1,3,3,4,2,1,1,4,3,3,3,4,3,3,1,4,2,3,3,3,3,3,3,3,3,3,3,5,4,3,5,4,3,2,2,2,2,2,2,Ya
140,144,2,2,1,2,1,3,1,2,1,2,4,2,1,1,4,3,2,3,2,2,2,2,4,3,5,3,4,3,3,3,4,3,2,3,5,4,4,5,4,3,4,3,4,2,4,3,Tidak
141,145,2,2,2,2,2,2,3,1,2,2,2,2,2,3,2,3,1,1,2,2,2,2,4,3,3,4,4,4,4,3,4,4,3,5,2,4,2,4,2,4,4,2,2,1,3,2,Tidak
142,146,1,1,1,1,1,1,1,1,1,1,1,1,1,1,3,1,1,1,1,1,1,1,5,5,5,5,1,4,4,2,3,2,1,2,5,1,1,4,3,1,5,5,3,1,1,1,Ya
143,147,5,2,2,2,2,4,2,3,2,4,4,2,2,2,2,2,2,3,2,2,2,2,4,4,3,2,3,2,2,4,2,3,3,4,4,2,2,4,4,2,4,3,4,4,2,2,Tidak
144,148,5,5,4,4,3,3,2,2,1,1,5,5,4,4,3,3,2,2,1,1,5,5,5,5,4,4,3,3,2,2,1,1,5,5,4,4,3,3,2,2,1,1,5,5,4,4,Tidak
145,149,2,1,3,3,2,4,2,2,2,2,3,2,2,4,3,4,4,2,1,2,2,2,3,1,3,2,3,2,1,1,2,1,4,4,3,5,4,4,5,4,2,1,4,3,3,4,Tidak
146,150,3,3,4,4,2,1,4,5,5,3,1,2,1,5,1,5,4,2,3,5,2,1,1,2,3,4,5,3,1,2,2,5,5,3,2,1,3,5,3,4,4,2,3,5,1,1,Ya
147,151,3,4,3,5,2,5,2,4,2,3,4,1,1,1,3,1,2,2,2,1,4,2,5,5,5,5,5,5,5,3,5,5,5,5,5,5,5,5,5,5,5,5,5,5,5,5,Tidak
148,152,4,5,5,3,3,5,1,3,5,4,5,4,3,3,4,3,3,4,3,4,4,3,5,5,5,5,5,5,5,5,5,5,3,5,4,4,4,4,4,4,5,5,5,5,5,5,Ya
149,153,1,2,3,2,1,4,2,1,3,2,3,1,1,2,2,1,1,1,2,1,1,1,3,3,3,4,5,5,4,3,2,2,1,4,3,3,3,4,2,2,4,2,2,2,4,2,Tidak
150,154,5,5,5,5,5,5,1,3,3,5,5,5,1,1,2,2,3,1,1,1,1,1,5,3,4,3,5,5,5,2,2,2,2,4,4,3,3,4,2,2,4,2,4,3,4,3,Tidak
151,155,2,2,3,2,2,2,2,2,3,3,3,2,2,3,2,2,2,2,2,2,2,2,2,2,2,2,3,2,2,2,2,2,2,2,2,3,3,3,2,2,2,2,2,2,2,1,Tidak
152,156,3,4,2,3,2,3,2,1,3,3,4,3,3,4,3,2,2,3,2,1,3,1,5,4,3,3,3,3,4,4,3,3,3,3,3,3,2,4,3,3,4,4,3,3,3,4,Tidak
153,157,2,4,2,2,2,4,2,3,4,3,5,2,3,4,5,3,3,2,2,2,3,2,5,4,5,4,4,5,4,2,3,3,2,5,3,3,4,4,3,3,5,2,3,3,4,2,Tidak
154,158,2,3,3,3,3,3,3,3,3,3,3,3,3,3,3,3,3,3,3,3,3,3,4,4,4,4,3,3,3,3,3,3,3,3,3,3,3,3,3,3,3,3,3,3,3,3,Tidak
155,159,2,4,2,4,2,5,2,4,4,2,4,2,4,4,4,4,4,5,4,4,4,4,2,2,4,2,4,4,4,2,5,2,4,4,4,4,4,5,4,4,4,4,4,4,4,4,Tidak
156,160,1,4,1,2,1,4,1,1,4,1,4,1,1,1,4,2,5,3,1,1,1,1,4,2,1,1,5,4,4,2,3,1,1,5,4,5,3,5,4,2,2,2,5,4,5,5,Tidak
157,161,1,3,1,1,1,1,1,1,5,1,5,1,5,5,3,3,5,3,1,1,5,1,5,5,5,5,5,5,5,5,5,5,5,5,5,5,5,5,5,5,5,5,5,5,5,5,Tidak
158,162,4,5,3,5,3,5,5,5,4,4,5,5,3,4,3,5,2,5,4,5,5,5,3,2,2,2,2,4,3,3,5,4,5,5,5,5,5,5,5,5,5,3,5,5,5,4,Ya
159,163,2,2,2,2,2,3,2,2,4,2,4,2,2,2,2,2,2,2,2,2,2,2,4,4,4,4,4,4,4,3,2,2,2,4,2,2,2,4,2,4,2,2,2,2,4,4,Tidak
160,164,3,4,4,3,3,4,3,3,4,4,4,3,3,4,2,2,2,3,3,2,3,2,4,3,4,4,4,4,4,3,4,3,3,4,3,3,4,3,3,4,4,2,3,2,2,2,Tidak
161,165,2,2,1,3,2,2,1,2,1,2,4,3,2,2,3,2,2,2,2,2,2,1,3,3,2,3,2,3,3,3,1,1,2,1,2,2,2,2,2,1,2,2,2,2,2,1,Tidak
162,166,4,4,5,2,2,5,3,1,5,5,5,2,1,5,5,1,2,2,1,4,1,2,5,5,5,5,5,5,5,5,5,5,2,5,3,3,2,5,5,1,5,2,2,1,1,4,Ya
163,167,1,1,1,1,1,2,1,2,1,1,1,1,1,1,2,2,2,2,2,1,1,1,4,2,4,4,4,5,5,5,2,4,2,4,2,4,4,4,4,4,4,3,2,4,2,4,Tidak
164,169,3,2,2,4,2,4,2,1,1,2,4,3,4,4,4,5,4,3,1,4,2,3,2,4,3,4,2,2,2,5,2,4,4,5,4,4,3,4,1,3,2,5,4,4,2,5,Tidak
165,170,1,2,2,3,1,2,1,2,2,3,4,2,2,2,2,1,1,1,1,2,1,2,3,3,3,5,4,4,3,2,2,2,2,2,2,2,2,3,2,3,2,2,4,2,4,4,Ya
166,171,2,2,4,1,1,4,1,1,1,2,4,1,2,2,2,1,2,2,1,2,1,1,4,2,4,4,4,4,4,1,1,2,1,4,4,4,4,4,5,5,3,2,1,1,1,1,Ya
167,172,1,3,1,1,1,3,1,1,3,1,4,1,2,2,1,1,1,1,1,1,1,1,4,4,3,4,5,1,1,3,1,1,1,1,4,4,3,3,3,1,4,1,1,1,1,3,Tidak
168,173,1,1,1,1,1,4,1,1,1,1,4,1,2,2,5,4,2,4,2,3,3,2,4,4,4,4,4,3,3,3,2,4,4,4,4,2,2,4,2,2,4,4,3,4,2,4,Tidak
169,174,2,2,1,2,1,4,1,3,1,1,2,1,1,3,5,2,1,4,2,2,3,1,5,1,2,1,5,3,2,1,1,1,1,1,4,1,3,2,5,4,2,1,2,2,1,5,Tidak
170,175,1,2,1,1,1,2,1,2,5,1,5,1,5,5,5,4,4,5,2,4,5,4,4,4,4,4,5,4,5,2,2,2,2,2,3,2,2,2,2,2,2,4,2,2,2,2,Tidak
171,176,2,1,1,3,2,4,1,2,2,2,3,2,3,4,5,5,5,5,4,2,4,4,1,1,1,1,1,3,2,5,3,2,1,4,5,4,4,5,3,5,3,1,4,3,2,4,Ya
172,177,4,4,5,4,4,5,4,2,2,4,5,4,1,2,2,1,2,4,2,2,1,1,2,4,4,2,4,2,2,1,2,2,2,4,5,4,4,4,5,4,2,4,3,3,2,2,Tidak
173,178,1,1,1,1,1,4,1,4,4,1,4,4,4,4,4,4,1,4,4,1,4,1,1,1,1,1,1,1,1,1,1,1,1,1,4,4,1,4,4,1,4,4,4,4,1,1,Tidak
174,179,2,2,2,4,2,3,1,1,2,2,3,2,2,2,4,2,2,2,2,2,2,2,4,4,4,4,5,5,5,5,5,5,5,5,3,3,3,3,3,3,4,3,3,2,3,3,Ya
175,180,3,4,2,2,3,2,2,1,1,1,3,2,1,1,3,1,1,1,1,1,1,1,4,1,1,1,2,4,1,1,1,1,1,1,1,5,1,4,2,4,1,4,4,1,1,1,Tidak
176,181,4,4,3,5,4,4,1,2,3,1,3,1,2,4,4,3,3,1,2,2,2,2,4,4,3,3,4,3,4,2,4,3,4,4,5,3,3,4,4,3,4,4,4,4,4,4,Tidak
177,182,1,2,1,1,1,4,1,1,1,1,1,1,2,2,2,2,2,2,1,1,1,1,1,1,1,1,1,1,1,1,1,1,1,1,1,1,1,1,1,1,1,1,1,1,1,1,Tidak
178,183,4,1,1,1,1,1,1,1,1,1,1,1,1,1,1,1,1,2,1,1,1,1,4,3,1,4,4,4,4,4,4,4,1,2,3,2,1,3,1,1,4,4,4,1,1,1,Tidak
179,184,5,4,5,5,1,5,1,3,2,5,5,2,1,1,3,1,1,2,1,1,3,1,5,5,5,5,5,5,5,5,5,5,4,5,5,5,5,5,5,5,5,4,4,5,3,5,Ya
180,185,2,2,2,1,1,2,3,2,2,2,2,2,1,2,4,2,3,3,3,3,3,3,4,4,4,3,4,4,4,3,3,2,3,3,3,3,3,3,3,3,3,3,3,3,2,3,Tidak
181,186,2,2,2,3,1,3,1,1,3,1,1,1,2,2,3,3,1,2,1,1,2,1,3,4,2,2,5,4,3,2,3,2,3,3,2,3,3,4,3,2,4,3,4,3,4,2,Tidak
182,187,2,3,2,2,3,3,3,1,2,2,3,3,3,3,2,2,2,2,1,2,2,2,4,3,3,4,3,3,3,3,2,3,3,3,2,2,2,3,2,2,3,2,2,2,3,2,Ya
183,188,4,4,5,5,3,3,3,1,2,4,4,3,4,5,3,4,2,3,2,2,3,1,5,4,4,3,4,4,3,3,2,2,2,4,4,4,4,5,5,4,5,3,5,4,3,5,Tidak
184,189,2,2,2,4,1,3,1,2,5,2,3,1,1,1,3,1,1,1,1,1,1,1,4,2,2,2,3,3,1,3,3,3,3,3,3,5,3,5,5,4,3,3,3,3,3,3,Tidak
185,190,3,3,3,2,1,2,1,3,2,3,3,2,3,4,4,2,3,2,2,2,2,1,4,2,2,2,5,4,4,2,2,2,1,4,5,4,3,5,4,4,3,2,2,2,2,3,Ya
186,191,3,2,3,3,3,5,3,2,4,4,5,1,3,3,4,4,4,3,1,3,3,3,2,2,2,2,4,3,3,2,2,3,3,5,4,5,3,5,5,3,3,3,4,2,4,4,Ya
187,192,1,1,1,1,1,3,1,1,4,2,2,1,2,3,4,2,3,2,2,2,2,2,4,3,4,4,2,3,4,3,2,3,4,2,3,4,3,4,4,4,3,2,2,2,2,2,Tidak
188,193,2,2,2,3,2,4,2,4,4,4,4,4,4,5,4,4,5,4,3,4,4,4,3,2,2,2,4,2,2,2,1,2,3,2,3,5,4,4,3,2,2,1,5,3,2,4,Tidak
189,195,4,3,3,2,3,3,3,4,4,4,5,4,3,4,4,2,2,2,3,2,3,2,4,4,4,3,5,4,4,3,4,3,5,3,4,4,4,4,5,4,4,3,4,4,4,4,Ya
190,196,1,3,1,4,1,4,1,3,1,1,3,1,1,1,3,1,1,3,1,1,1,1,4,4,3,2,4,4,2,2,2,4,4,2,4,4,4,4,4,2,2,2,2,2,2,2,Ya
191,197,3,2,2,2,2,4,2,3,4,2,4,2,2,4,2,2,3,3,4,2,2,2,5,3,4,2,5,5,4,3,3,2,2,4,4,4,4,4,2,2,3,2,4,3,3,4,Tidak
192,198,5,4,3,4,2,5,4,2,5,5,5,5,4,4,2,2,3,4,4,2,5,2,5,4,5,5,5,5,5,3,5,4,4,5,5,4,5,4,4,4,5,3,5,4,5,4,Ya
193,199,3,2,1,1,1,4,1,3,1,3,4,2,1,1,3,1,2,1,1,2,1,1,1,4,4,4,4,1,4,5,3,1,5,3,5,5,4,5,2,5,3,4,3,1,1,4,Ya
194,200,2,3,2,1,2,4,2,2,4,2,5,3,2,4,4,2,3,3,2,4,2,2,5,4,4,4,5,5,5,4,3,2,2,4,4,3,4,4,2,2,4,4,4,3,3,3,Ya
195,201,4,3,3,4,2,3,3,2,4,3,2,3,2,2,4,2,4,4,2,2,1,1,4,4,4,4,4,4,4,3,4,4,4,4,3,3,3,3,4,3,4,4,3,4,4,4,Tidak
196,202,3,3,1,1,1,4,1,1,1,1,1,1,2,2,5,3,3,3,3,3,3,3,3,1,3,3,3,3,3,1,3,3,3,3,5,5,4,5,5,3,3,3,3,3,3,3,Tidak
197,203,3,2,2,4,2,2,2,1,2,2,4,2,2,3,2,2,2,2,3,1,2,2,2,2,2,2,4,3,3,2,2,2,2,2,5,4,2,5,5,2,2,3,4,2,2,3,Tidak
198,204,2,2,3,4,2,4,3,2,2,2,3,2,3,2,4,2,2,4,3,2,3,2,2,2,3,2,4,2,2,2,4,2,2,4,4,4,4,5,4,3,2,2,3,2,4,3,Tidak
199,205,2,2,1,2,1,3,1,1,1,1,4,1,1,1,1,1,1,1,1,1,1,1,4,4,4,4,4,4,3,4,3,4,3,2,3,1,2,2,3,4,4,4,4,2,4,4,Tidak
200,206,3,2,3,4,3,3,2,2,2,2,4,2,3,3,4,4,2,2,2,3,2,2,5,4,3,3,2,3,4,3,2,2,2,4,3,2,2,3,2,2,4,5,4,3,3,3,Tidak
201,207,1,2,2,4,2,2,1,1,3,2,4,4,1,1,1,1,1,1,1,1,1,1,4,4,1,1,1,1,1,1,1,1,1,1,1,1,1,4,4,1,1,1,1,1,1,1,Ya
202,208,2,1,1,1,1,1,1,1,1,1,5,2,1,1,5,3,1,2,1,1,1,1,3,1,4,2,2,5,2,4,1,3,1,4,1,3,2,1,4,5,2,1,1,1,1,1,Tidak
203,209,3,3,2,3,2,4,2,3,4,2,4,3,3,3,3,2,2,2,3,2,2,2,4,3,3,4,4,4,4,4,4,4,3,4,4,4,3,4,4,3,4,3,4,4,4,3,Tidak
204,210,3,4,4,3,3,4,3,4,5,3,5,4,4,4,3,3,4,4,4,3,4,4,5,4,5,4,4,4,4,3,3,3,4,5,4,3,4,4,3,2,3,4,4,4,4,2,Tidak
205,211,3,4,4,5,3,3,3,1,5,1,5,3,4,3,3,1,3,1,2,2,2,2,2,4,5,4,3,4,5,3,2,3,3,2,2,2,2,2,1,2,4,3,4,2,2,3,Ya
206,212,4,4,2,1,3,3,2,2,2,2,4,2,4,4,4,4,4,2,2,2,2,2,5,2,4,5,4,2,2,4,4,5,4,4,4,4,2,4,4,4,4,4,4,4,4,4,Tidak
207,213,4,4,5,5,4,4,5,5,5,4,5,5,4,5,5,5,5,5,5,5,5,5,4,5,5,4,5,5,5,5,5,5,4,4,5,5,5,5,4,4,4,5,5,5,5,5,Ya
208,214,2,2,4,2,2,3,1,1,4,5,5,2,1,1,2,1,1,3,2,1,2,1,4,4,2,2,4,4,4,5,4,2,4,4,4,3,2,4,4,2,4,5,2,2,1,2,Tidak
209,215,2,3,2,1,4,3,1,1,1,2,4,2,2,1,5,5,5,3,3,4,1,1,4,2,4,4,2,4,4,2,2,2,2,4,4,3,4,4,4,3,4,3,4,5,4,2,Ya
210,216,4,4,4,2,2,3,2,2,4,3,4,4,2,4,4,3,2,2,3,3,2,2,4,3,4,2,4,4,4,2,4,3,3,4,4,4,3,4,4,2,3,2,4,2,4,3,Tidak
211,217,3,3,2,2,1,4,1,4,1,1,1,1,1,1,1,1,1,1,1,1,1,1,4,1,4,4,5,4,3,1,1,1,1,5,3,4,4,4,4,4,5,3,5,5,3,5,Tidak
212,218,1,1,2,1,1,1,1,1,3,2,5,2,2,4,4,1,2,2,3,2,1,2,5,4,1,3,5,4,4,4,1,4,4,4,4,2,1,4,5,3,4,4,4,3,4,4,Tidak
213,219,2,2,2,2,2,4,1,2,2,2,2,2,3,2,3,3,2,4,2,2,3,1,4,3,2,2,3,3,2,2,2,2,2,3,4,4,3,4,4,3,2,2,2,1,2,2,Tidak
214,220,1,1,1,3,1,3,1,3,5,1,3,1,5,5,3,2,1,3,3,2,2,2,4,3,3,3,5,4,3,2,3,4,2,5,3,5,3,5,5,3,2,3,3,3,5,1,Tidak
215,221,3,5,2,5,1,1,1,1,4,3,4,1,1,5,2,1,1,5,1,1,1,1,4,4,1,2,5,1,5,5,1,1,1,1,5,3,2,5,5,5,2,1,1,1,3,2,Tidak
216,222,2,3,2,3,2,4,2,1,2,3,4,1,4,5,2,2,3,4,1,2,1,1,3,2,2,2,4,5,3,2,3,2,2,4,4,4,3,4,3,2,3,2,4,3,4,4,Tidak
217,223,1,2,1,1,3,2,1,1,1,1,1,3,1,1,3,1,1,1,1,1,2,1,2,2,2,3,1,1,1,2,1,3,1,1,1,1,1,3,4,1,1,1,4,4,1,1,Ya
218,224,2,3,4,2,2,2,2,1,1,2,3,1,2,4,2,2,2,2,2,2,4,4,4,4,2,2,4,2,2,2,2,2,1,4,5,1,1,5,5,1,1,1,1,1,1,1,Tidak
219,225,4,3,2,3,2,4,1,3,4,3,4,4,3,3,3,3,3,3,3,3,3,3,3,4,3,3,3,3,3,3,3,3,3,3,3,3,4,3,4,3,3,3,3,3,3,3,Ya
220,226,2,4,2,1,2,5,2,3,5,2,5,4,1,1,1,1,1,1,2,1,1,1,5,5,5,5,5,5,5,5,5,5,3,5,5,4,5,5,1,5,5,5,5,2,5,5,Ya
221,227,3,4,2,4,2,4,3,2,2,4,4,3,3,3,4,2,2,4,2,2,3,2,4,3,4,2,4,2,2,2,2,2,2,2,4,4,4,4,4,3,2,2,3,3,2,3,Tidak
222,228,2,2,2,2,2,2,2,1,2,2,2,2,2,2,2,2,1,2,2,2,2,1,4,4,2,2,2,2,2,4,2,2,2,2,3,2,2,1,2,4,2,2,2,2,2,2,Tidak
223,229,2,5,1,1,1,5,1,3,5,3,5,5,2,2,5,5,5,3,5,5,2,3,5,1,3,2,5,5,5,5,5,5,5,5,5,5,5,5,5,5,5,5,5,5,3,5,Tidak
224,230,2,3,2,1,1,3,1,2,5,1,2,1,1,2,1,1,1,1,2,1,1,1,4,3,4,3,3,2,1,2,3,3,3,1,3,2,2,2,2,3,1,3,2,5,3,3,Tidak
225,231,1,2,1,1,1,4,1,1,4,3,3,2,1,2,3,3,3,4,3,3,4,2,2,2,2,2,4,3,2,2,2,3,3,3,4,5,3,4,5,5,3,2,3,3,2,2,Tidak
226,232,1,2,1,1,1,1,1,2,1,5,5,1,1,1,1,1,1,1,1,1,1,1,1,1,1,1,2,1,2,1,1,1,1,1,3,2,1,1,1,1,1,1,4,1,1,1,Ya
227,233,2,2,2,4,3,4,3,2,1,3,4,2,4,2,2,1,3,3,1,2,2,2,5,4,3,4,5,5,3,5,3,2,4,4,5,4,4,4,4,3,3,5,5,4,3,2,Ya
228,234,2,1,1,2,1,3,1,1,1,1,1,1,2,2,1,1,1,1,1,1,1,1,2,4,2,3,2,1,1,1,1,1,1,1,1,3,1,2,3,3,2,1,1,3,2,4,Tidak
229,235,1,2,1,1,1,3,1,1,1,1,1,1,1,4,4,3,2,3,1,3,2,1,5,5,5,5,4,3,4,3,4,4,5,5,4,4,3,4,1,3,4,4,4,1,3,3,Tidak
230,236,5,3,5,5,2,3,2,3,5,4,5,4,1,1,2,2,1,3,1,1,2,1,5,4,4,2,5,5,5,3,5,5,5,5,3,4,2,4,5,1,4,5,5,3,3,5,Tidak
231,237,2,2,3,4,1,1,1,1,5,3,5,1,3,5,4,1,1,1,2,2,2,2,5,5,4,4,4,4,2,4,2,2,2,4,3,4,3,4,5,4,2,2,2,2,2,2,Tidak
232,238,2,3,1,4,2,5,2,3,2,2,5,4,4,4,4,2,2,3,1,1,2,1,5,3,2,1,5,5,3,1,1,1,1,4,5,4,4,4,4,2,3,2,5,4,1,2,Tidak
233,239,1,1,1,1,1,1,1,3,1,1,1,1,1,1,1,1,1,1,1,1,1,1,5,5,3,4,5,5,5,3,2,3,4,4,1,1,1,1,1,1,1,1,1,1,1,1,Tidak
234,240,4,4,2,3,2,4,2,3,3,4,3,4,3,4,3,3,3,4,3,3,4,3,3,2,3,3,4,3,3,3,3,3,3,4,4,4,4,4,4,4,3,3,3,3,3,3,Tidak
235,241,1,1,1,3,1,3,1,1,3,1,4,1,4,4,2,1,1,1,1,1,1,1,4,5,4,4,3,3,4,5,3,3,3,3,4,4,3,3,3,3,4,5,4,4,2,2,Tidak
236,242,3,2,2,3,1,4,1,3,5,2,3,1,4,5,5,5,5,5,5,5,5,5,2,1,1,1,3,3,3,3,3,3,2,2,3,5,5,5,5,5,3,5,4,4,4,4,Tidak
237,243,3,3,4,1,1,4,1,1,5,4,4,3,5,5,3,3,5,4,3,3,3,4,4,3,3,3,5,3,4,4,3,4,3,5,4,4,4,4,5,3,4,4,5,5,5,5,Tidak
238,244,2,2,1,2,1,4,1,1,3,2,4,1,1,1,4,2,3,2,1,1,1,1,2,1,2,2,4,3,3,3,1,1,1,2,4,3,1,4,3,1,1,1,1,5,1,1,Tidak
239,245,2,2,1,2,1,4,1,2,3,2,3,3,1,1,3,2,1,2,1,1,1,1,2,2,3,2,3,2,2,2,1,2,2,1,3,2,3,4,4,3,2,2,3,2,2,1,Ya
240,246,1,1,1,1,1,4,1,1,5,1,5,1,1,1,4,1,4,1,1,1,1,1,4,3,3,1,4,1,1,1,4,4,4,1,3,4,4,4,3,1,3,3,4,3,4,4,Tidak
241,247,2,2,2,2,2,3,2,2,2,2,4,2,3,2,4,2,2,2,2,2,3,2,2,2,2,2,4,2,2,4,2,2,2,2,3,4,2,4,3,2,2,2,2,2,2,2,Tidak
242,248,1,1,1,2,1,1,1,1,1,1,1,1,1,1,1,1,1,1,1,1,1,1,1,1,1,1,1,1,1,1,1,1,1,1,1,1,1,1,1,1,1,1,1,1,1,1,Ya
243,249,2,2,2,2,2,2,2,2,2,2,2,2,2,2,2,2,2,2,2,3,3,3,2,1,2,3,4,3,3,3,4,1,3,2,3,3,3,3,3,3,3,3,4,4,4,4,Tidak
244,250,3,3,2,3,3,4,2,3,3,2,3,1,3,3,1,2,2,2,1,1,2,2,3,3,4,3,2,3,3,3,2,2,3,2,4,2,2,4,2,2,3,4,4,3,2,3,Tidak
245,251,2,2,2,2,1,4,2,1,4,2,3,2,1,1,4,2,1,3,1,2,2,1,5,4,4,3,3,4,3,2,1,2,2,4,4,4,3,5,4,3,2,1,1,2,1,2,Tidak
246,252,3,1,3,3,2,2,2,1,2,2,3,3,3,3,3,2,3,3,2,2,2,2,3,3,3,2,2,2,3,3,2,2,2,3,3,4,2,2,4,3,3,3,3,2,3,2,Tidak
247,253,4,4,4,4,4,4,3,5,3,4,5,4,3,4,4,4,3,4,3,4,4,3,3,3,4,4,4,3,4,4,4,3,4,4,3,4,3,3,3,3,3,3,4,4,4,3,Tidak
248,254,2,2,1,3,1,1,1,4,5,3,4,1,1,5,3,5,2,4,3,2,3,2,5,4,3,5,2,5,5,3,5,2,4,1,1,1,1,4,2,3,5,4,3,2,5,5,Ya
249,255,2,2,2,4,2,4,2,1,1,2,4,2,2,4,4,2,2,4,2,2,4,2,4,2,2,2,4,2,2,2,2,2,2,2,2,4,2,4,4,2,2,2,2,4,2,2,Ya
250,256,2,2,2,2,2,3,2,2,2,2,3,2,3,3,2,4,4,2,1,1,1,3,4,5,4,4,3,4,4,3,2,3,2,3,4,4,3,4,3,2,2,3,2,5,5,4,Tidak
251,257,3,3,3,1,2,2,2,1,2,2,2,1,1,1,1,1,1,4,3,1,2,1,2,1,1,1,4,3,1,4,2,2,2,2,2,2,2,2,2,2,2,2,2,2,2,2,Tidak
252,258,4,4,2,4,2,4,2,4,4,3,3,4,4,3,4,4,4,4,3,5,4,3,3,4,4,4,4,4,3,4,3,4,2,4,4,5,3,4,5,4,5,4,4,4,4,5,Ya
253,259,1,1,1,1,1,2,1,2,1,1,3,1,2,3,3,1,1,2,1,1,1,1,4,4,5,3,3,4,5,5,3,3,1,3,3,3,4,4,4,3,4,5,4,3,3,4,Tidak
254,260,1,1,1,1,1,4,1,1,4,2,1,1,2,2,4,1,1,2,2,1,3,1,4,5,5,4,3,4,5,3,2,2,1,4,5,5,3,4,1,1,4,5,2,1,1,1,Ya
255,261,2,2,2,2,2,2,2,2,4,2,4,2,2,2,2,2,2,2,2,2,2,2,4,4,4,4,4,4,4,4,4,4,4,4,3,3,3,3,3,3,4,3,3,2,3,3,Ya
256,262,2,2,1,2,2,3,2,3,3,2,3,2,3,3,3,3,3,3,2,2,4,2,3,3,3,3,3,3,3,2,3,2,3,3,3,4,4,4,3,3,3,3,3,4,3,3,Tidak
257,263,4,4,3,5,3,4,2,3,4,3,5,4,5,5,3,3,4,4,2,3,2,3,4,4,5,4,3,3,4,3,4,3,3,4,4,4,4,5,4,3,4,4,4,4,4,3,Ya
258,264,4,5,4,4,4,4,3,5,4,4,5,3,4,3,5,4,4,3,5,4,4,4,5,4,5,3,4,4,3,4,5,4,4,3,5,5,4,5,4,4,3,5,4,4,5,4,Ya
259,265,5,4,5,5,3,4,5,4,4,5,4,3,3,4,4,5,4,5,5,3,4,4,4,4,5,3,4,4,5,3,4,4,5,4,5,4,3,4,5,4,4,3,4,5,4,4,Ya
260,266,1,1,1,1,1,3,1,1,1,1,5,1,1,1,4,1,5,1,1,2,1,1,3,3,2,2,5,3,3,3,2,3,1,3,4,4,3,4,3,3,3,2,5,3,1,2,Tidak
261,267,3,3,2,3,1,2,2,3,2,1,3,2,2,2,3,2,2,1,3,2,2,3,2,1,1,3,2,2,3,1,2,3,1,2,3,2,2,3,1,2,3,2,1,2,3,2,Ya
262,268,4,4,5,3,4,4,5,4,5,4,3,4,4,3,4,5,3,4,4,5,4,5,3,4,5,3,4,4,5,4,5,4,5,4,4,5,4,5,4,3,4,5,4,4,5,4,Ya
263,269,4,4,5,4,5,4,3,4,5,4,4,5,4,3,5,4,5,5,3,4,4,5,3,4,4,5,4,5,5,3,4,5,4,4,3,4,5,4,4,5,3,4,5,4,5,4,Ya
264,270,5,3,4,5,4,2,4,3,4,5,4,3,4,5,4,4,5,4,5,4,3,4,4,5,4,3,4,5,4,3,4,5,4,5,4,3,4,5,4,4,5,4,3,4,5,4,Tidak
265,271,3,2,2,3,1,2,3,2,2,1,3,2,2,2,1,2,3,2,2,1,2,3,2,3,1,2,2,1,2,3,1,2,2,3,2,1,2,1,3,2,2,1,3,2,1,3,Ya
266,272,5,4,4,5,3,4,5,4,4,3,4,5,4,4,3,5,4,5,4,3,5,4,4,5,5,4,3,4,5,4,3,5,4,4,3,5,4,4,5,4,3,4,5,4,3,5,Ya
267,273,4,4,3,5,4,3,4,5,3,4,3,4,5,3,4,5,4,3,4,5,3,4,4,3,5,4,3,5,4,3,4,5,4,4,3,4,5,4,3,4,4,5,3,4,5,3,Ya
268,274,2,3,3,1,2,3,3,2,1,2,3,2,2,2,1,3,2,2,3,1,2,1,2,1,2,2,3,2,1,2,3,1,2,2,1,3,2,2,1,3,2,2,1,2,3,2,Ya
269,275,5,4,4,3,4,5,4,3,4,5,4,4,3,4,5,4,3,5,4,5,4,3,4,4,5,4,5,4,3,5,4,3,5,4,4,5,5,3,4,4,4,5,4,4,5,4,Ya
270,276,4,5,4,3,4,5,4,2,4,3,4,5,4,5,4,3,4,5,4,5,4,5,4,3,4,5,4,3,4,5,4,5,4,3,4,5,4,4,3,4,5,4,5,4,3,4,Tidak
271,277,4,5,4,3,4,2,4,3,4,5,4,5,4,5,4,3,4,2,4,3,5,4,5,4,5,4,3,4,5,4,2,4,3,4,5,4,4,3,4,5,4,5,4,3,5,4,Tidak
272,278,5,4,3,4,5,4,5,4,3,4,5,4,4,5,4,3,4,5,5,4,3,4,5,4,5,4,3,4,5,5,4,3,4,5,4,3,4,2,4,3,4,5,4,3,5,4,Tidak
273,279,4,5,4,3,4,2,4,3,4,5,4,5,4,5,4,3,4,5,4,5,5,4,5,4,5,4,3,4,3,5,4,2,4,3,4,5,4,5,4,3,4,5,4,3,5,4,Tidak
274,280,4,4,5,4,5,3,4,4,5,4,5,5,4,5,4,4,5,4,5,3,4,4,5,5,4,5,4,3,5,4,4,5,4,5,5,5,4,4,5,3,4,5,4,4,5,4,Ya
275,281,5,4,5,5,5,4,4,5,3,5,4,5,4,5,5,5,4,4,5,3,4,5,4,5,4,4,5,4,5,5,5,3,5,4,5,5,4,5,4,4,5,3,4,5,5,5,Ya
276,282,4,4,4,5,5,3,5,4,5,5,4,5,3,5,4,5,5,4,5,4,4,4,5,5,4,5,4,5,3,4,4,5,5,5,4,4,5,3,4,5,5,4,5,4,4,5,Ya
277,283,5,4,5,5,5,4,4,5,4,5,3,5,4,5,3,5,4,5,3,4,4,4,5,5,4,5,3,4,4,5,3,5,4,5,5,5,4,4,5,4,5,3,4,5,4,4,Ya
278,284,5,5,4,5,4,3,5,3,4,4,4,5,4,5,4,4,4,5,5,3,5,4,5,4,5,5,5,4,4,5,3,4,5,5,4,5,4,5,3,4,4,4,5,5,4,5,Ya
279,285,5,4,5,5,5,4,4,5,3,4,5,5,4,5,4,4,4,5,5,3,5,4,5,4,5,5,5,4,5,3,4,4,5,4,5,5,5,4,4,5,3,4,5,5,4,5,Ya
280,286,2,2,1,3,2,1,1,2,1,2,2,2,1,3,2,1,1,2,1,2,2,1,3,1,2,2,1,2,1,1,2,1,2,2,2,1,2,1,1,2,1,2,2,1,2,1,Ya
281,287,2,1,3,2,1,1,1,2,2,1,3,2,1,2,1,1,1,2,1,3,2,1,2,2,2,1,3,2,1,1,2,1,2,2,1,2,1,1,2,1,3,2,2,1,2,1,Ya
282,288,5,5,4,5,4,3,5,4,4,4,5,5,3,5,4,5,5,5,4,4,5,4,3,5,4,4,5,3,4,5,5,4,5,4,5,5,5,4,4,5,3,5,4,5,5,4,Ya
283,289,2,1,2,2,2,1,3,2,1,1,2,1,2,2,1,3,2,1,1,2,1,2,1,3,2,1,1,1,2,2,1,2,1,3,1,2,2,1,2,1,1,1,2,2,1,3,Ya
284,290,3,1,2,3,1,2,2,1,3,1,2,2,3,1,2,2,1,1,2,2,1,2,2,3,1,1,2,3,1,2,2,1,1,3,2,1,1,2,3,1,2,1,1,1,2,3,Tidak
285,291,2,1,3,1,1,2,2,1,3,1,1,3,2,1,1,2,1,3,1,1,2,3,2,1,1,2,3,1,1,2,2,1,2,3,1,1,2,2,3,3,1,2,3,1,2,2,Tidak
286,292,2,1,3,2,2,1,3,1,2,1,1,2,2,1,3,1,1,2,2,2,3,1,2,1,3,1,1,2,2,1,3,1,2,2,1,3,1,2,2,1,2,1,3,1,1,2,Tidak
287,293,2,1,3,1,2,2,1,1,3,2,2,2,2,1,3,1,1,2,2,1,3,1,2,1,1,2,3,1,1,2,2,1,3,2,2,1,1,2,1,1,2,2,3,1,2,2,Tidak
288,294,2,1,3,1,2,2,1,3,1,2,2,3,2,1,3,2,2,1,3,1,2,3,1,1,2,1,3,1,2,2,1,3,1,2,2,1,1,1,3,1,2,3,1,1,2,2,Tidak
289,295,4,5,3,5,4,4,5,5,5,4,5,3,4,5,3,4,5,5,4,5,3,4,5,3,5,5,4,4,3,5,4,3,5,4,4,3,5,5,4,3,5,5,4,5,3,4,Ya
290,296,2,1,3,1,2,1,3,2,1,1,2,3,2,1,3,1,1,2,2,1,3,2,2,1,3,1,1,2,3,1,2,3,1,2,2,1,1,1,2,3,1,1,2,2,1,3,Ya
291,297,2,1,3,2,1,1,2,3,1,2,2,1,2,3,1,1,2,1,3,2,1,2,2,1,1,1,3,2,2,1,2,1,1,3,1,1,2,1,3,1,1,2,2,1,3,1,Ya
292,298,4,3,5,5,4,4,5,3,5,4,5,3,4,5,4,5,5,3,4,5,5,4,4,4,3,5,5,3,4,4,5,5,5,4,5,3,4,4,3,5,4,5,3,5,4,5,Ya
293,299,5,4,5,5,4,4,3,5,4,5,3,4,5,5,3,4,5,4,3,5,4,4,5,5,3,4,5,3,4,4,5,5,4,5,4,5,3,5,4,4,5,4,3,5,4,4,Ya
294,300,2,4,4,2,1,4,2,1,4,5,5,3,1,4,4,2,1,2,1,2,4,2,4,5,4,2,5,2,4,4,2,2,2,2,2,5,4,4,4,4,4,4,5,2,4,4,Ya
295,301,2,1,2,1,2,1,2,4,5,4,4,4,2,1,4,2,1,2,2,4,5,3,4,4,5,4,5,4,5,4,4,5,5,3,4,4,4,5,4,5,4,4,5,2,2,4,Ya
296,302,4,4,2,2,2,4,1,3,4,4,4,5,4,4,4,2,1,4,4,2,4,2,4,2,4,4,4,4,5,4,2,2,1,2,4,5,4,4,4,5,4,5,4,2,1,4,Ya
297,303,4,5,2,2,1,5,2,4,5,4,4,4,4,5,4,5,4,4,5,3,4,5,4,5,4,5,2,4,4,5,2,1,5,2,5,5,4,5,4,5,4,4,5,2,2,4,Ya
298,304,4,5,2,1,2,4,2,4,5,4,4,2,2,4,5,4,3,4,4,4,4,2,5,3,4,4,5,4,5,2,2,2,4,2,4,4,4,5,2,2,4,4,5,2,1,4,Ya
299,305,2,1,2,2,1,2,1,1,2,1,2,2,2,1,2,2,1,2,1,1,2,1,1,2,1,1,2,1,2,1,2,2,1,2,1,1,2,1,2,2,1,2,1,2,1,1,Ya
300,306,4,5,4,4,5,4,5,4,5,5,4,5,5,4,5,5,4,5,4,5,4,4,4,5,4,4,5,4,5,5,4,2,5,4,5,5,4,5,4,4,5,4,5,5,4,2,Ya
301,307,5,5,4,5,4,4,5,5,4,5,4,5,4,5,4,4,5,4,5,5,4,4,4,5,4,5,5,4,5,4,4,2,5,4,5,5,4,5,4,4,5,5,4,5,4,2,Ya
302,308,4,5,4,5,5,4,5,4,4,5,4,4,5,5,4,5,4,4,5,4,5,5,5,5,4,5,4,4,5,4,4,2,4,4,5,4,5,5,4,5,4,4,5,4,5,2,Ya
303,309,2,4,3,5,4,4,2,4,4,5,3,4,4,5,5,4,5,3,4,4,5,4,5,3,5,4,5,5,4,5,3,5,4,4,5,4,5,5,3,5,4,4,5,4,5,4,Ya
304,310,4,5,4,5,4,4,5,5,4,5,4,4,4,5,4,4,5,4,5,4,5,5,4,5,4,4,5,4,5,5,4,5,2,4,5,5,4,5,4,4,5,4,5,4,5,2,Ya
305,311,3,1,2,2,1,3,1,3,4,4,5,3,2,3,1,2,2,1,2,1,3,2,4,5,3,4,4,5,4,5,3,4,4,5,5,3,5,4,4,5,4,5,3,4,4,5,Ya
306,312,3,5,4,4,5,4,5,5,3,5,4,4,5,5,4,5,3,5,4,4,5,3,4,4,5,4,5,3,5,4,4,5,5,3,4,4,5,4,5,5,3,5,4,4,5,4,Ya
307,313,4,5,5,3,5,4,4,5,4,5,5,3,5,4,5,3,4,4,5,4,4,5,3,4,4,5,4,5,3,5,4,4,5,4,5,3,4,4,5,4,5,5,4,5,3,4,Ya
308,314,4,5,5,3,5,4,5,5,3,4,4,5,4,5,3,5,5,4,5,4,4,5,3,5,4,4,5,4,5,5,3,5,4,5,5,4,5,3,5,4,4,5,4,5,3,4,Ya
309,315,2,3,1,2,2,1,2,1,3,1,2,2,1,1,2,1,3,1,2,1,1,3,2,2,3,1,2,1,1,2,1,3,2,2,1,2,1,1,3,1,2,2,1,1,3,2,Ya
310,316,5,4,5,5,3,5,4,4,5,4,5,5,4,5,3,5,4,4,5,4,5,5,3,5,4,4,5,4,5,5,3,5,4,4,5,4,5,3,5,5,4,5,4,3,5,4,Ya
311,317,4,5,3,5,4,4,5,4,5,5,3,4,5,4,5,5,4,3,5,4,4,5,3,5,4,4,5,5,4,5,3,5,4,4,5,4,5,3,5,4,4,5,4,5,5,3,Ya
312,318,4,5,3,5,5,4,4,5,4,5,3,4,4,5,5,3,5,4,4,5,4,5,3,5,4,5,5,4,5,3,4,4,5,4,5,5,4,5,3,5,4,4,5,4,5,5,Ya
313,319,4,4,5,3,4,4,5,4,5,3,4,4,5,3,5,5,4,5,3,4,4,5,4,5,3,5,4,4,5,4,5,3,5,4,4,5,4,5,3,4,4,5,4,5,5,3,Ya
314,320,4,4,5,4,5,3,4,5,4,5,5,4,5,4,5,3,4,5,4,5,5,4,5,5,4,5,4,3,5,4,5,5,4,5,4,5,5,4,5,3,4,5,4,5,5,4,Ya
315,321,4,3,4,5,4,5,5,4,5,4,5,5,5,4,5,3,4,5,4,5,4,4,5,4,5,4,3,5,4,5,5,4,5,4,4,5,3,4,5,4,5,4,4,5,4,5,Ya
316,322,4,5,4,5,5,3,4,5,4,5,5,4,5,4,5,3,4,5,4,5,5,4,5,4,5,4,4,5,4,3,4,5,5,5,5,4,5,4,4,5,4,5,5,3,4,5,Ya
317,323,4,5,4,5,5,4,3,5,4,5,5,4,5,4,5,3,4,5,4,5,5,4,5,4,3,5,4,5,4,5,5,4,5,4,4,5,4,5,5,4,5,4,5,3,4,5,Ya
318,324,4,5,4,4,5,4,3,5,4,5,5,4,5,4,5,4,5,3,4,4,5,4,5,5,4,5,4,5,3,4,5,4,5,5,4,5,4,3,5,4,5,5,4,5,4,4,Ya
319,325,4,3,4,5,4,5,5,4,5,4,4,5,4,5,3,4,5,4,5,5,4,5,4,5,4,5,5,4,3,5,4,5,5,4,5,4,4,5,4,5,5,4,3,4,5,4,Tidak
320,326,4,4,5,4,3,4,5,4,5,5,4,5,4,5,4,5,5,4,5,4,3,4,5,5,4,5,4,3,5,4,5,5,4,5,4,4,5,4,5,5,4,5,4,5,5,4,Tidak
321,327,4,5,4,4,5,4,5,5,4,5,4,4,4,4,5,4,5,3,5,4,4,5,5,4,5,5,4,5,4,4,5,2,5,4,5,5,4,5,4,4,5,4,5,5,4,2,Ya
322,328,5,4,5,5,4,5,3,5,5,4,5,5,4,4,5,3,5,5,4,5,4,4,4,4,5,4,5,5,4,4,5,4,5,2,4,5,4,4,5,4,5,5,4,5,4,1,Ya
323,329,4,5,4,4,5,4,5,5,4,5,4,5,5,5,4,5,4,4,5,4,5,5,5,5,4,5,4,4,5,4,5,5,4,2,4,5,4,4,5,4,5,5,4,5,4,1,Ya
324,330,2,1,2,2,1,2,2,1,2,1,4,2,2,1,3,2,2,1,2,3,1,2,4,3,4,4,3,2,4,5,2,3,2,1,2,1,2,2,1,3,3,1,2,1,1,2,Ya
325,331,2,2,1,2,1,2,2,1,3,1,2,2,2,1,2,2,4,2,5,2,1,2,2,1,2,2,1,2,1,2,2,3,1,2,2,1,3,2,1,1,4,3,5,4,3,4,Ya
326,332,4,5,4,4,5,4,5,5,4,5,4,4,4,5,3,5,4,4,5,4,5,5,4,5,3,5,5,4,5,4,4,5,2,5,4,5,4,4,5,4,4,5,3,5,5,2,Ya
327,333,4,5,4,4,5,4,5,5,5,4,3,4,4,5,5,4,3,5,4,4,5,4,5,4,5,3,4,5,5,4,5,4,4,5,4,5,4,4,5,4,5,4,3,5,4,4,Ya
328,334,4,5,4,5,5,4,5,5,4,3,5,4,4,5,5,4,5,3,4,4,5,4,5,4,5,5,4,5,3,4,5,5,4,5,4,4,5,4,5,3,4,4,5,5,4,5,Ya
329,335,2,1,2,2,1,3,1,2,1,1,4,2,3,1,2,2,1,2,1,2,2,1,2,1,2,1,3,2,2,1,2,1,2,2,2,1,2,2,1,3,1,2,1,1,2,1,Ya
330,336,4,5,4,4,5,4,5,4,5,5,4,5,4,4,5,4,5,5,4,5,4,5,4,5,4,4,5,3,4,4,5,4,2,4,4,5,4,4,5,4,5,5,4,5,4,2,Ya
331,337,5,5,4,3,5,4,5,5,4,5,4,4,5,4,5,4,4,3,5,4,5,4,5,4,5,5,4,5,4,4,3,5,4,5,5,4,5,4,4,5,4,5,4,3,5,4,Tidak
332,338,4,3,4,5,4,5,5,4,5,4,5,5,4,5,4,5,5,4,3,5,4,5,4,4,5,4,5,4,3,5,4,5,5,4,5,4,5,5,4,5,4,5,5,4,5,4,Tidak
333,339,4,5,4,5,4,5,5,4,3,5,4,5,4,5,4,5,5,4,3,4,5,4,5,4,3,5,4,5,4,5,5,4,5,4,4,5,4,5,5,4,3,4,5,4,4,5,Tidak
334,340,5,4,5,4,3,4,5,4,5,4,3,4,5,4,3,4,5,4,4,4,5,4,4,2,4,3,4,5,4,5,4,3,4,5,4,3,4,5,4,4,3,4,5,4,5,4,Tidak
335,341,4,5,4,3,4,5,4,5,4,3,4,5,4,5,4,3,4,5,4,5,3,4,1,2,1,2,4,3,5,4,5,4,3,4,5,4,5,4,3,4,5,4,3,4,5,4,Tidak
336,342,4,5,4,3,4,5,4,3,4,5,4,5,4,5,4,3,4,5,4,5,4,5,4,5,4,3,4,2,4,3,4,5,4,5,4,3,4,5,4,3,4,5,4,5,4,5,Tidak
337,343,4,5,4,3,4,5,4,5,4,3,5,4,5,4,5,4,3,4,5,4,5,4,5,4,5,4,3,4,5,4,4,5,4,5,4,5,4,3,4,5,4,5,4,5,4,4,Tidak
338,344,4,5,4,3,4,5,4,5,2,4,3,5,4,5,4,3,5,5,4,3,5,4,2,1,2,2,4,3,4,5,4,3,4,5,4,3,4,5,4,5,4,3,4,5,4,5,Tidak
339,345,2,1,2,1,2,1,2,1,2,1,2,1,2,1,2,1,2,1,2,1,2,1,2,1,2,1,2,1,2,1,2,1,2,1,2,1,2,1,2,1,2,1,2,1,2,1,Ya
340,346,4,5,4,5,4,5,4,5,4,5,4,5,4,5,4,5,4,5,4,5,4,5,4,5,4,5,4,5,4,5,4,5,4,5,4,5,4,5,4,5,4,5,4,5,4,5,Ya
341,347,5,4,4,5,4,5,5,4,5,4,4,5,5,5,4,5,4,4,5,4,5,5,4,5,5,4,5,3,4,5,4,5,4,5,5,4,5,5,3,4,5,4,4,5,4,5,Ya
342,348,5,4,5,4,5,4,5,4,5,4,5,4,5,4,5,4,5,4,5,4,5,4,5,4,5,4,5,4,5,4,5,4,5,4,5,4,5,4,5,4,5,4,5,4,5,4,Ya
343,349,4,3,4,5,4,4,5,4,5,4,5,4,5,3,5,5,4,4,5,4,5,4,4,4,5,4,5,3,5,4,4,5,4,5,4,4,5,4,5,3,5,4,5,4,5,4,Ya
344,350,5,4,4,5,3,5,4,4,5,4,5,5,5,4,5,5,4,5,4,5,3,5,5,4,5,5,3,4,5,4,5,4,4,5,5,4,5,4,5,3,5,4,5,4,5,5,Ya
345,351,5,4,5,5,3,4,5,4,4,5,4,5,5,5,4,5,3,5,4,5,4,4,5,4,5,5,4,4,3,5,4,4,5,4,5,5,4,5,4,5,3,4,5,4,5,5,Ya
346,352,5,4,5,5,3,4,4,5,4,5,3,4,5,4,4,5,4,5,5,3,4,5,5,4,5,5,3,5,4,4,5,4,5,4,4,5,5,4,5,3,5,4,5,5,4,5,Ya
347,353,4,4,5,3,4,5,5,4,4,5,3,5,5,4,4,5,4,5,3,5,4,4,5,4,5,5,4,4,5,3,5,4,4,5,4,5,4,5,5,3,4,5,4,5,5,4,Ya
348,354,4,5,5,3,4,5,3,5,4,4,5,4,4,5,5,4,5,4,5,3,4,5,5,4,5,4,4,5,4,5,4,5,5,4,5,3,5,4,4,5,4,5,4,5,5,4,Ya
349,355,5,4,5,5,3,5,3,4,4,5,4,5,5,5,4,5,3,4,5,4,5,5,4,5,5,4,5,4,5,5,4,5,4,5,3,5,4,4,5,4,5,5,4,5,4,5,Ya
350,356,2,3,4,3,4,2,3,4,2,4,2,3,4,2,3,2,3,4,3,4,2,3,4,3,2,3,2,4,2,4,3,4,2,3,2,3,4,3,4,2,3,4,2,4,2,3,Ya
351,357,5,4,5,4,5,4,5,4,5,4,5,4,5,4,5,4,5,4,5,4,5,4,5,4,5,4,5,4,5,4,5,4,5,4,5,4,5,4,5,4,5,4,5,4,5,4,Ya
352,358,5,4,5,4,5,4,5,4,5,4,5,4,5,4,5,4,5,4,5,4,5,4,5,4,5,4,5,4,5,4,5,4,5,4,5,4,5,4,5,4,5,4,5,4,5,4,Ya
353,359,4,5,4,5,4,5,4,5,4,5,4,5,5,4,5,4,5,4,5,4,5,4,5,4,5,4,5,4,5,4,5,4,5,4,5,4,5,4,5,4,5,4,5,4,5,4,Ya
354,360,4,5,3,5,4,4,5,4,5,5,4,5,5,3,4,4,5,4,5,4,4,5,5,4,5,5,4,5,4,4,5,3,5,4,4,5,4,5,4,5,5,4,5,3,4,5,Ya
355,361,5,4,5,4,5,4,5,4,5,4,5,4,5,4,5,4,5,4,5,4,5,4,5,4,5,4,5,4,5,4,5,4,5,4,5,4,5,4,5,4,5,4,5,4,5,4,Ya
356,362,5,4,4,5,3,5,4,5,4,4,5,4,5,5,4,5,3,4,5,4,5,4,5,4,5,4,3,5,4,5,5,4,5,4,5,4,5,5,4,5,4,5,5,4,5,4,Ya
357,363,2,1,2,1,2,1,2,1,2,1,2,1,2,1,2,1,2,1,2,1,2,1,2,1,2,1,2,1,2,1,2,1,2,1,2,1,2,1,2,1,2,1,2,1,2,1,Ya
358,364,4,5,4,5,4,5,4,5,4,5,4,5,4,5,4,5,4,5,4,5,4,5,4,5,4,5,4,5,4,5,4,5,4,5,4,5,4,5,4,5,4,5,4,5,4,5,Ya
359,365,4,5,5,4,4,5,4,4,5,5,4,4,4,5,5,4,4,5,5,4,5,4,4,4,5,5,4,5,5,4,4,5,5,4,5,4,4,5,5,4,5,4,4,5,5,5,Ya
360,366,4,5,5,4,4,2,4,5,5,4,4,5,4,5,5,4,4,5,5,4,5,4,4,5,5,4,4,5,5,2,4,5,5,4,4,5,5,4,4,5,5,4,4,5,5,4,Ya
361,367,4,5,5,4,4,5,4,4,5,5,4,5,4,5,5,4,4,5,5,4,5,4,4,5,5,4,4,5,5,4,4,5,5,4,4,5,5,4,4,5,5,4,4,5,5,4,Ya
362,368,1,2,2,1,1,2,1,1,2,2,1,2,1,2,2,1,1,2,2,1,1,2,1,2,2,1,1,2,1,2,1,1,1,2,2,1,1,2,2,1,1,2,2,1,1,2,Ya
363,369,4,5,5,4,4,5,5,4,4,5,5,4,4,5,4,4,5,5,3,4,4,5,5,4,5,5,4,4,5,4,5,5,4,5,3,5,4,4,5,5,4,5,4,4,5,5,Ya
364,370,4,5,5,4,4,5,5,4,4,5,5,4,4,5,5,4,4,5,5,4,5,4,4,5,5,4,4,5,5,4,4,5,5,4,3,5,4,4,5,5,4,5,4,4,5,5,Ya
365,371,4,5,5,4,4,5,5,4,4,5,5,4,4,5,5,4,4,5,5,4,5,4,5,4,4,5,5,4,4,5,5,4,5,4,4,5,5,4,5,5,4,4,5,5,4,4,Ya
366,372,1,2,2,1,1,2,2,1,2,4,1,2,1,2,1,1,2,1,2,2,1,1,1,2,2,1,1,2,1,1,2,2,1,1,2,1,1,2,2,1,1,2,2,1,1,2,Ya
367,373,4,5,5,4,4,5,5,4,4,5,5,4,4,5,5,4,4,5,5,4,4,5,4,5,5,4,4,5,4,4,4,5,5,4,5,5,4,4,5,5,4,4,5,5,4,5,Ya
368,374,4,5,5,4,4,5,5,4,4,5,5,4,4,5,5,4,4,5,5,4,4,5,4,5,5,4,4,5,4,4,5,5,4,4,5,5,4,5,4,4,5,5,4,4,5,5,Ya
369,375,5,5,5,4,5,4,5,3,5,4,5,5,5,5,4,5,5,5,4,3,4,5,5,5,4,5,5,5,3,4,4,4,5,4,4,5,4,5,5,5,3,4,4,4,5,5,Ya
370,376,4,4,4,3,4,4,4,5,5,3,5,4,5,5,3,5,4,4,4,4,5,5,4,5,3,5,5,5,4,5,3,4,4,5,5,5,4,5,3,5,4,4,5,5,5,4,Tidak
371,377,4,5,5,3,5,4,5,5,5,4,4,3,3,4,5,4,4,4,5,5,3,4,5,5,5,5,4,5,3,4,4,5,3,5,4,4,4,4,5,3,4,4,3,5,5,5,Tidak
372,378,4,4,3,5,4,5,5,3,5,3,4,4,5,4,5,3,3,4,4,4,4,5,5,4,5,3,4,4,5,5,5,5,4,5,4,5,3,5,4,4,5,5,4,3,4,4,Tidak
373,379,5,4,5,4,4,4,5,3,5,4,5,5,4,5,4,5,3,3,3,4,4,5,5,4,5,3,4,4,5,5,5,5,4,5,5,5,4,4,3,5,4,4,4,4,5,5,Tidak
374,380,4,5,5,4,4,4,4,3,5,5,4,5,5,4,4,4,3,5,3,5,4,4,3,4,4,5,4,4,5,5,5,5,4,4,4,5,3,4,4,5,5,5,5,5,4,4,Tidak
375,381,3,4,4,4,5,4,5,5,5,4,4,5,5,4,5,3,4,5,4,5,5,4,4,5,3,4,4,5,5,5,5,5,4,4,4,4,3,5,4,4,4,4,5,3,4,4,Tidak
376,382,5,5,5,4,5,3,4,4,5,4,4,5,4,5,5,5,3,5,4,5,4,4,5,4,5,4,4,5,5,5,5,5,3,4,5,5,5,4,5,4,4,4,5,5,4,5,Tidak
377,383,5,4,5,4,5,3,5,4,5,4,4,4,5,4,5,4,4,4,4,5,5,4,5,3,5,4,3,3,5,5,5,4,5,4,5,5,5,5,5,3,4,4,3,5,4,5,Tidak
378,384,4,4,3,5,4,5,5,5,4,4,3,5,5,4,5,4,4,4,4,5,5,4,4,5,3,5,5,5,5,4,4,5,5,5,5,3,4,4,5,5,5,5,5,4,4,4,Tidak
379,385,2,1,3,1,2,1,2,1,3,1,4,1,1,2,1,3,1,2,1,3,1,2,2,1,3,1,2,1,2,1,3,1,2,1,1,2,1,3,1,2,2,1,3,1,2,1,Tidak
380,386,5,4,5,4,5,4,5,4,5,4,1,4,4,5,4,5,4,5,4,5,4,5,5,4,5,4,5,4,5,4,5,4,5,4,4,5,4,5,4,5,5,4,5,4,5,4,Ya
381,387,4,4,5,5,4,5,5,4,5,3,5,4,5,4,5,5,4,4,5,5,4,5,4,4,5,4,4,5,5,4,5,5,4,4,5,4,5,5,4,5,4,4,5,5,4,5,Ya
382,388,4,5,4,5,4,5,4,5,4,5,2,5,5,4,5,4,5,4,5,4,5,4,4,5,4,5,4,5,4,5,4,5,4,5,5,4,5,4,5,4,4,5,4,5,4,5,Ya
383,389,1,2,1,3,1,2,1,2,1,3,5,2,2,1,3,1,2,1,3,1,2,1,1,2,1,3,1,2,1,2,1,3,1,2,2,1,3,1,2,1,1,2,1,3,1,2,Ya
384,390,3,4,4,5,4,4,5,5,4,5,5,4,5,4,4,5,5,4,5,5,4,4,5,5,4,5,5,4,5,5,4,4,5,5,4,5,4,4,5,5,4,5,5,4,4,5,Ya
385,391,4,5,4,5,4,5,4,5,4,5,2,5,5,4,5,4,5,4,5,4,5,4,4,5,4,5,4,5,4,5,4,5,4,5,5,4,5,4,5,4,4,5,4,5,4,5,Ya
386,392,5,4,5,4,5,4,5,4,5,4,1,4,4,5,4,5,4,5,4,5,4,5,5,4,5,4,5,4,5,4,5,4,5,4,4,5,4,5,4,5,5,4,5,4,5,4,Ya
387,393,2,1,1,1,2,3,2,1,1,1,2,2,2,2,2,1,1,1,1,2,2,2,2,2,1,1,2,3,2,2,1,1,2,2,4,5,5,5,4,5,2,1,1,1,2,1,Ya
388,394,5,5,4,2,1,2,1,1,2,1,1,2,1,1,2,1,1,1,2,2,2,1,5,5,4,5,4,4,4,5,5,4,5,4,2,1,1,2,2,2,5,4,3,5,4,3,Ya
389,395,5,4,4,4,4,5,5,4,5,4,4,4,5,5,5,4,5,4,4,3,4,4,1,1,2,1,2,2,2,1,1,1,2,1,5,5,4,4,4,4,2,2,2,1,1,2,Ya
390,396,4,4,4,5,5,4,5,4,4,3,4,4,1,3,2,2,1,1,2,1,1,1,1,2,2,1,1,1,1,1,2,2,1,2,2,2,1,1,2,2,1,1,1,2,2,1,Ya
391,397,2,2,1,1,2,1,1,2,2,3,2,2,1,1,2,1,2,2,2,2,1,3,2,3,2,2,2,1,1,2,1,1,1,2,5,4,4,5,4,4,3,2,2,1,1,1,Ya
392,398,4,5,4,5,4,5,4,5,4,5,2,5,5,4,5,4,5,4,5,4,5,4,4,5,4,5,4,5,4,5,4,5,4,5,5,4,5,4,5,4,4,5,4,5,4,5,Ya
393,399,5,5,4,4,5,5,4,4,4,3,5,4,2,1,2,2,2,1,1,2,3,2,2,1,1,1,2,1,2,2,3,2,3,1,1,1,1,2,2,2,1,1,3,2,2,2,Ya
394,400,2,1,3,1,2,1,2,1,3,1,4,1,1,2,1,3,1,2,1,3,1,2,2,1,3,1,2,1,2,1,3,1,2,1,1,2,1,3,1,2,2,1,3,1,2,1,Ya
395,401,5,5,5,4,4,3,4,3,5,5,5,4,1,1,2,2,3,2,2,1,1,2,5,4,4,4,5,4,4,3,4,4,5,5,2,2,2,1,1,1,5,5,5,4,4,4,Ya
396,402,5,4,5,4,5,4,5,4,5,4,1,4,4,5,4,5,4,5,4,5,4,5,5,4,5,4,5,4,5,4,5,4,5,4,4,5,4,5,4,5,5,4,5,4,5,4,Ya
397,403,4,5,4,5,4,5,4,5,4,5,2,5,5,4,5,4,5,4,5,4,5,4,4,5,4,5,4,5,4,5,4,5,4,5,5,4,5,4,5,4,4,5,4,5,4,5,Ya
398,404,1,1,1,2,1,2,2,2,3,2,3,2,2,1,1,1,2,2,3,2,2,1,4,5,5,5,4,4,5,3,4,4,5,5,2,1,1,2,2,2,1,2,1,1,1,2,Ya
399,405,5,5,5,5,4,4,4,5,4,5,5,3,2,1,1,1,1,2,2,2,3,2,1,1,1,2,1,2,2,3,2,2,2,1,1,2,2,2,2,1,1,1,2,1,2,3,Ya
400,406,2,2,1,1,1,2,1,2,2,2,3,2,4,4,5,3,3,4,4,4,5,4,2,1,2,2,2,1,1,2,2,2,1,3,1,2,2,1,1,1,3,2,2,1,3,2,Ya
401,407,4,4,5,4,4,5,5,4,5,5,4,4,5,4,4,5,5,4,5,5,4,4,5,5,4,5,5,4,4,5,4,4,5,5,4,5,5,4,4,5,5,4,5,5,4,4,Ya
402,408,5,5,4,5,5,4,4,5,5,3,5,4,4,5,5,4,5,5,4,4,5,5,4,5,4,4,5,5,4,5,5,4,4,5,4,4,5,5,4,5,4,4,5,5,4,5,Ya
403,409,5,4,5,5,4,5,5,4,5,5,4,5,4,4,5,5,4,5,4,4,5,5,4,5,5,4,4,5,4,4,5,5,4,5,4,4,5,5,4,5,4,4,5,4,5,5,Ya
404,410,2,1,2,2,1,1,2,2,1,2,2,1,2,1,2,2,1,2,1,1,2,1,2,2,1,2,1,3,2,2,1,2,2,1,1,2,2,1,2,1,2,2,1,1,2,1,Ya
405,411,4,4,5,5,4,5,5,4,4,5,4,4,5,4,5,5,4,5,5,4,4,5,4,4,5,5,4,5,5,4,4,5,4,5,5,4,4,5,4,5,5,4,4,5,5,4,Ya
406,412,5,5,4,5,4,4,5,5,4,5,5,4,5,4,4,5,5,4,5,5,4,4,5,4,5,5,4,5,5,4,4,5,5,4,5,5,4,4,5,4,4,5,5,4,5,5,Ya
407,413,5,5,4,4,5,4,4,5,5,4,5,4,5,3,4,4,5,4,4,5,5,4,5,4,5,5,4,5,5,4,4,5,5,4,5,4,4,5,5,4,4,5,5,4,5,4,Ya
408,414,5,5,4,4,5,4,4,5,5,4,5,5,4,5,4,4,5,5,4,5,5,4,5,4,4,5,5,4,4,5,5,4,5,5,4,4,5,4,4,5,5,4,5,5,4,4,Ya
